-- phpMyAdmin SQL Dump
-- version 2.11.1
-- http://www.phpmyadmin.net
--
-- Host: localhost
-- Generation Time: Jan 15, 2008 at 11:09 AM
-- Server version: 5.0.45
-- PHP Version: 5.2.4

SET SQL_MODE="NO_AUTO_VALUE_ON_ZERO";

--
-- Database: `si-wali_akhir`
--

-- --------------------------------------------------------

--
-- Table structure for table `tbl_alamat`
--

CREATE TABLE `tbl_alamat` (
  `addr_id` int(11) NOT NULL auto_increment,
  `addr_kodepos` varchar(10) collate latin1_general_ci NOT NULL,
  `addr_lokasi` varchar(255) collate latin1_general_ci NOT NULL,
  `addr_wilayah` varchar(50) collate latin1_general_ci NOT NULL,
  `addr_provinsi` varchar(50) collate latin1_general_ci NOT NULL,
  `addr_jenis` varchar(10) collate latin1_general_ci NOT NULL,
  `usr_id` int(11) NOT NULL,
  PRIMARY KEY  (`addr_id`)
) ENGINE=MyISAM  DEFAULT CHARSET=latin1 COLLATE=latin1_general_ci AUTO_INCREMENT=307 ;

--
-- Dumping data for table `tbl_alamat`
--

INSERT INTO `tbl_alamat` (`addr_id`, `addr_kodepos`, `addr_lokasi`, `addr_wilayah`, `addr_provinsi`, `addr_jenis`, `usr_id`) VALUES
(1, '', '', '', '', 'tinggal', 1),
(2, '', '', '', '', 'asal', 1),
(3, '', '', '', '', 'tinggal', 2),
(4, '', '', '', '', 'asal', 2),
(5, '', '', '', '', 'tinggal', 3),
(6, '', '', '', '', 'asal', 3),
(7, '', '', '', '', 'tinggal', 4),
(8, '', '', '', '', 'asal', 4),
(9, '', '', '', '', 'tinggal', 5),
(10, '', '', '', '', 'asal', 5),
(11, '', '', '', '', 'tinggal', 6),
(12, '', '', '', '', 'asal', 6),
(13, '', '', '', '', 'tinggal', 7),
(14, '', '', '', '', 'asal', 7),
(15, '', '', '', '', 'tinggal', 8),
(16, '', '', '', '', 'asal', 8),
(17, '', '', '', '', 'tinggal', 9),
(18, '', '', '', '', 'asal', 9),
(19, '', '', '', '', 'tinggal', 10),
(20, '', '', '', '', 'asal', 10),
(21, '', '', '', '', 'tinggal', 11),
(22, '', '', '', '', 'asal', 11),
(23, '', '', '', '', 'tinggal', 12),
(24, '', '', '', '', 'asal', 12),
(25, '', '', '', '', 'tinggal', 13),
(26, '', '', '', '', 'asal', 13),
(27, '', '', '', '', 'tinggal', 14),
(28, '', '', '', '', 'asal', 14),
(29, '', '', '', '', 'tinggal', 15),
(30, '', '', '', '', 'asal', 15),
(31, '', '', '', '', 'tinggal', 16),
(32, '', '', '', '', 'asal', 16),
(33, '', '', '', '', 'tinggal', 17),
(34, '', '', '', '', 'asal', 17),
(35, 'g', 'g', 'g', 'g', 'tinggal', 18),
(36, 'g', 'g', 'g', 'g', 'asal', 18),
(37, '', '', '', '', 'tinggal', 19),
(38, '', '', '', '', 'asal', 19),
(39, '', '', '', '', 'tinggal', 20),
(40, '', '', '', '', 'asal', 20),
(41, '', '', '', '', 'tinggal', 21),
(42, '', '', '', '', 'asal', 21),
(43, '', '', '', '', 'tinggal', 22),
(44, '', '', '', '', 'asal', 22),
(45, '', '', '', '', 'tinggal', 23),
(46, '', '', '', '', 'asal', 23),
(47, '', '', '', '', 'tinggal', 24),
(48, '', '', '', '', 'asal', 24),
(49, '', '', '', '', 'tinggal', 25),
(50, '', '', '', '', 'asal', 25),
(51, '', '', '', '', 'tinggal', 26),
(52, '', '', '', '', 'asal', 26),
(53, '', '', '', '', 'tinggal', 27),
(54, '', '', '', '', 'asal', 27),
(55, '', '', '', '', 'tinggal', 28),
(56, '', '', '', '', 'asal', 28),
(57, '', '', '', '', 'tinggal', 29),
(58, '', '', '', '', 'asal', 29),
(59, '', '', '', '', 'tinggal', 30),
(60, '', '', '', '', 'asal', 30),
(61, '', '', '', '', 'tinggal', 31),
(62, '', '', '', '', 'asal', 31),
(63, '', '', '', '', 'tinggal', 32),
(64, '', '', '', '', 'asal', 32),
(65, '', '', '', '', 'tinggal', 33),
(66, '', '', '', '', 'asal', 33),
(67, '', '', '', '', 'tinggal', 34),
(68, '', '', '', '', 'asal', 34),
(69, '', '', '', '', 'tinggal', 35),
(70, '', '', '', '', 'asal', 35),
(71, '', '', '', '', 'tinggal', 36),
(72, '', '', '', '', 'asal', 36),
(73, '', '', '', '', 'tinggal', 37),
(74, '', '', '', '', 'asal', 37),
(75, '', '', '', '', 'tinggal', 38),
(76, '', '', '', '', 'asal', 38),
(77, '', '', '', '', 'tinggal', 39),
(78, '', '', '', '', 'asal', 39),
(79, '', '', '', '', 'tinggal', 40),
(80, '', '', '', '', 'asal', 40),
(81, '', '', '', '', 'tinggal', 41),
(82, '', '', '', '', 'asal', 41),
(83, '', '', '', '', 'tinggal', 42),
(84, '', '', '', '', 'asal', 42),
(85, '', '', '', '', 'tinggal', 43),
(86, '', '', '', '', 'asal', 43),
(87, '', '', '', '', 'tinggal', 44),
(88, '', '', '', '', 'asal', 44),
(89, '', '', '', '', 'tinggal', 45),
(90, '', '', '', '', 'asal', 45),
(91, '', '', '', '', 'tinggal', 46),
(92, '', '', '', '', 'asal', 46),
(93, '', '', '', '', 'tinggal', 47),
(94, '', '', '', '', 'asal', 47),
(95, '', '', '', '', 'tinggal', 48),
(96, '', '', '', '', 'asal', 48),
(97, '', '', '', '', 'tinggal', 49),
(98, '', '', '', '', 'asal', 49),
(99, '', '', '', '', 'tinggal', 50),
(100, '', '', '', '', 'asal', 50),
(101, '', '', '', '', 'tinggal', 51),
(102, '', '', '', '', 'asal', 51),
(103, '', '', '', '', 'tinggal', 52),
(104, '', '', '', '', 'asal', 52),
(105, '', '', '', '', 'tinggal', 53),
(106, '', '', '', '', 'asal', 53),
(107, '', '', '', '', 'tinggal', 54),
(108, '', '', '', '', 'asal', 54),
(109, '', '', '', '', 'tinggal', 55),
(110, '', '', '', '', 'asal', 55),
(111, '', '', '', '', 'tinggal', 56),
(112, '', '', '', '', 'asal', 56),
(113, '', '', '', '', 'tinggal', 57),
(114, '', '', '', '', 'asal', 57),
(115, '', '', '', '', 'tinggal', 58),
(116, '', '', '', '', 'asal', 58),
(117, '', '', '', '', 'tinggal', 59),
(118, '', '', '', '', 'asal', 59),
(119, '40152', 'Jl. Cipaku I No.55', 'Bandung', 'Jawa Barat', 'tinggal', 60),
(120, '', '', '', '', 'asal', 60),
(121, '', '', '', '', 'tinggal', 61),
(122, '', '', '', '', 'asal', 61),
(123, '', '', '', '', 'tinggal', 62),
(124, '', '', '', '', 'asal', 62),
(125, '', '', '', '', 'tinggal', 63),
(126, '', '', '', '', 'asal', 63),
(127, '', '', '', '', 'tinggal', 64),
(128, '', '', '', '', 'asal', 64),
(129, '', '', '', '', 'tinggal', 65),
(130, '', '', '', '', 'asal', 65),
(131, '', '', '', '', 'tinggal', 66),
(132, '', '', '', '', 'asal', 66),
(133, '', '', '', '', 'tinggal', 67),
(134, '', '', '', '', 'asal', 67),
(135, '', '', '', '', 'tinggal', 68),
(136, '', '', '', '', 'asal', 68),
(137, '', '', '', '', 'tinggal', 69),
(138, '', '', '', '', 'asal', 69),
(139, '', '', '', '', 'tinggal', 70),
(140, '', '', '', '', 'asal', 70),
(141, '', '', '', '', 'tinggal', 71),
(142, '', '', '', '', 'asal', 71),
(143, '', '', '', '', 'tinggal', 72),
(144, '', '', '', '', 'asal', 72),
(145, '', '', '', '', 'tinggal', 73),
(146, '', '', '', '', 'asal', 73),
(147, '', '', '', '', 'tinggal', 74),
(148, '', '', '', '', 'asal', 74),
(149, '', '', '', '', 'tinggal', 75),
(150, '', '', '', '', 'asal', 75),
(151, '', '', '', '', 'tinggal', 76),
(152, '', '', '', '', 'asal', 76),
(153, '', '', '', '', 'tinggal', 77),
(154, '', '', '', '', 'asal', 77),
(155, '', '', '', '', 'tinggal', 78),
(156, '', '', '', '', 'asal', 78),
(157, '', '', '', '', 'tinggal', 79),
(158, '', '', '', '', 'asal', 79),
(159, '', '', '', '', 'tinggal', 80),
(160, '', '', '', '', 'asal', 80),
(161, '', '', '', '', 'tinggal', 81),
(162, '', '', '', '', 'asal', 81),
(163, '', '', '', '', 'tinggal', 82),
(164, '', '', '', '', 'asal', 82),
(165, '', '', '', '', 'tinggal', 83),
(166, '', '', '', '', 'asal', 83),
(167, '', '', '', '', 'tinggal', 84),
(168, '', '', '', '', 'asal', 84),
(169, '', '', '', '', 'tinggal', 85),
(170, '', '', '', '', 'asal', 85),
(171, '', '', '', '', 'tinggal', 86),
(172, '', '', '', '', 'asal', 86),
(173, '', '', '', '', 'tinggal', 87),
(174, '', '', '', '', 'asal', 87),
(175, '', '', '', '', 'tinggal', 88),
(176, '', '', '', '', 'asal', 88),
(177, '', '', '', '', 'tinggal', 89),
(178, '', '', '', '', 'asal', 89),
(179, '', '', '', '', 'tinggal', 90),
(180, '', '', '', '', 'asal', 90),
(181, '', '', '', '', 'tinggal', 91),
(182, '', '', '', '', 'asal', 91),
(183, '', '', '', '', 'tinggal', 92),
(184, '', '', '', '', 'asal', 92),
(185, '', '', '', '', 'tinggal', 93),
(186, '', '', '', '', 'asal', 93),
(187, '', '', '', '', 'tinggal', 94),
(188, '', '', '', '', 'asal', 94),
(189, '', '', '', '', 'tinggal', 95),
(190, '', '', '', '', 'asal', 95),
(191, '', '', '', '', 'tinggal', 96),
(192, '', '', '', '', 'asal', 96),
(193, '', '', '', '', 'tinggal', 97),
(194, '', '', '', '', 'asal', 97),
(195, '', '', '', '', 'tinggal', 98),
(196, '', '', '', '', 'asal', 98),
(197, '', '', '', '', 'tinggal', 99),
(198, '', '', '', '', 'asal', 99),
(199, '', '', '', '', 'tinggal', 100),
(200, '', '', '', '', 'asal', 100),
(201, '', '', '', '', 'tinggal', 101),
(202, '', '', '', '', 'asal', 101),
(203, '', '', '', '', 'tinggal', 102),
(204, '', '', '', '', 'asal', 102),
(205, '', '', '', '', 'tinggal', 103),
(206, '', '', '', '', 'asal', 103),
(207, '', '', '', '', 'tinggal', 104),
(208, '', '', '', '', 'asal', 104),
(209, '', '', '', '', 'tinggal', 105),
(210, '', '', '', '', 'asal', 105),
(211, '', '', '', '', 'tinggal', 106),
(212, '', '', '', '', 'asal', 106),
(213, '', '', '', '', 'tinggal', 107),
(214, '', '', '', '', 'asal', 107),
(215, '', '', '', '', 'tinggal', 108),
(216, '', '', '', '', 'asal', 108),
(217, '', '', '', '', 'tinggal', 109),
(218, '', '', '', '', 'asal', 109),
(219, '', '', '', '', 'tinggal', 110),
(220, '', '', '', '', 'asal', 110),
(221, '', '', '', '', 'tinggal', 111),
(222, '', '', '', '', 'asal', 111),
(223, '', '', '', '', 'tinggal', 112),
(224, '', '', '', '', 'asal', 112),
(225, '', '', '', '', 'tinggal', 113),
(226, '', '', '', '', 'asal', 113),
(227, '40152', 'Jl. Cipaku I No.55', 'Bandung', 'Jawa Barat', 'tinggal', 114),
(228, '', '', '', '', 'asal', 114),
(229, '', '', '', '', 'tinggal', 115),
(230, '', '', '', '', 'asal', 115),
(231, '', '', '', '', 'tinggal', 116),
(232, '', '', '', '', 'asal', 116),
(233, '', '', '', '', 'tinggal', 117),
(234, '', '', '', '', 'asal', 117),
(235, '', '', '', '', 'tinggal', 118),
(236, '', '', '', '', 'asal', 118),
(237, '', '', '', '', 'tinggal', 119),
(238, '', '', '', '', 'asal', 119),
(239, '', '', '', '', 'tinggal', 120),
(240, '', '', '', '', 'asal', 120),
(241, '', '', '', '', 'tinggal', 121),
(242, '', '', '', '', 'asal', 121),
(243, '', '', '', '', 'tinggal', 122),
(244, '', '', '', '', 'asal', 122),
(245, '40152', 'Jl. Cipaku I No.55', 'Bandung', 'Jawa Barat', 'tinggal', 123),
(246, '', '', '', '', 'asal', 123),
(247, '', '', '', '', 'tinggal', 124),
(248, '', '', '', '', 'asal', 124),
(249, '', '', '', '', 'tinggal', 125),
(250, '', '', '', '', 'asal', 125),
(251, '', '', '', '', 'tinggal', 126),
(252, '', '', '', '', 'asal', 126),
(253, '', '', '', '', 'tinggal', 127),
(254, '', '', '', '', 'asal', 127),
(255, '', '', '', '', 'tinggal', 128),
(256, '', '', '', '', 'asal', 128),
(257, '', '', '', '', 'tinggal', 129),
(258, '', '', '', '', 'asal', 129),
(259, '', '', '', '', 'tinggal', 130),
(260, '', '', '', '', 'asal', 130),
(261, '', '', '', '', 'tinggal', 131),
(262, '', '', '', '', 'asal', 131),
(263, '', '', '', '', 'tinggal', 132),
(264, '', '', '', '', 'asal', 132),
(265, '', '', '', '', 'tinggal', 133),
(266, '', '', '', '', 'asal', 133),
(267, '', '', '', '', 'tinggal', 134),
(268, '', '', '', '', 'asal', 134),
(269, '', '', '', '', 'tinggal', 135),
(270, '', '', '', '', 'asal', 135),
(271, '', '', '', '', 'tinggal', 136),
(272, '', '', '', '', 'asal', 136),
(273, '', '', '', '', 'tinggal', 137),
(274, '', '', '', '', 'asal', 137),
(275, '', '', '', '', 'tinggal', 138),
(276, '', '', '', '', 'asal', 138),
(277, '', '', '', '', 'tinggal', 139),
(278, '', '', '', '', 'asal', 139),
(279, '', '', '', '', 'tinggal', 140),
(280, '', '', '', '', 'asal', 140),
(281, '', '', '', '', 'tinggal', 141),
(282, '', '', '', '', 'asal', 141),
(283, '', '', '', '', 'tinggal', 142),
(284, '', '', '', '', 'asal', 142),
(285, '', '', '', '', 'tinggal', 143),
(286, '', '', '', '', 'asal', 143),
(287, '', '', '', '', 'tinggal', 144),
(288, '', '', '', '', 'asal', 144),
(289, '', '', '', '', 'tinggal', 145),
(290, '', '', '', '', 'asal', 145),
(291, '', '', '', '', 'tinggal', 146),
(292, '', '', '', '', 'asal', 146),
(293, '', '', '', '', 'tinggal', 147),
(294, '', '', '', '', 'asal', 147),
(295, '', '', '', '', 'tinggal', 148),
(296, '', '', '', '', 'asal', 148),
(297, '', '', '', '', 'tinggal', 149),
(298, '', '', '', '', 'asal', 149),
(299, '', '', '', '', 'tinggal', 150),
(300, '', '', '', '', 'asal', 150),
(301, '', '', '', '', 'tinggal', 151),
(302, '', '', '', '', 'asal', 151),
(303, '', '', '', '', 'tinggal', 152),
(304, '', '', '', '', 'asal', 152);

-- --------------------------------------------------------

--
-- Table structure for table `tbl_beasiswa`
--

CREATE TABLE `tbl_beasiswa` (
  `bea_id` int(11) NOT NULL auto_increment,
  `mhs_id` int(11) NOT NULL,
  `bea_nama` varchar(50) collate latin1_general_ci NOT NULL,
  `bea_nominal` int(11) NOT NULL,
  `bea_tenggang` varchar(30) collate latin1_general_ci NOT NULL,
  PRIMARY KEY  (`bea_id`)
) ENGINE=MyISAM  DEFAULT CHARSET=latin1 COLLATE=latin1_general_ci AUTO_INCREMENT=14 ;

--
-- Dumping data for table `tbl_beasiswa`
--

INSERT INTO `tbl_beasiswa` (`bea_id`, `mhs_id`, `bea_nama`, `bea_nominal`, `bea_tenggang`) VALUES
(11, 12, 'te21', 8676, 'tes'),
(2, 34, 'SAMPOERNA', 500000, 'SATU BULAN'),
(3, 13, 'SAMPOERNA', 500000, 'SATU BULAN'),
(4, 86, 'DJARUM BAKTI PENDIDIKAN', 1000000, 'DUA BULAN'),
(5, 73, 'DJARUM BAKTI PENDIDIKAN', 1000000, 'DUA BULAN'),
(6, 39, 'INDOSAT', 300000, 'SATU BULAN'),
(7, 67, 'INDOSAT', 300000, 'SATU BULAN'),
(8, 48, 'INDOSAT', 300000, 'SATU BULAN'),
(13, 19, 'DJARUM', 6437657, 'BULANAN');

-- --------------------------------------------------------

--
-- Table structure for table `tbl_dosen`
--

CREATE TABLE `tbl_dosen` (
  `dsn_id` int(11) NOT NULL auto_increment,
  `dsn_nip` varchar(15) collate latin1_general_ci NOT NULL,
  `dsn_kode` varchar(10) collate latin1_general_ci NOT NULL,
  `usr_id` int(11) NOT NULL,
  PRIMARY KEY  (`dsn_id`),
  UNIQUE KEY `dsn_nip` (`dsn_nip`,`dsn_kode`,`usr_id`)
) ENGINE=MyISAM  DEFAULT CHARSET=latin1 COLLATE=latin1_general_ci AUTO_INCREMENT=19 ;

--
-- Dumping data for table `tbl_dosen`
--

INSERT INTO `tbl_dosen` (`dsn_id`, `dsn_nip`, `dsn_kode`, `usr_id`) VALUES
(1, '12345601', '1101', 110),
(2, '12345602', '1102', 111),
(3, '12345603', '1103', 112),
(4, '12345604', '1104', 113),
(5, '12345605', '1105', 114),
(6, '12345606', '1106', 115),
(7, '12345607', '1107', 116),
(8, '12345608', '1108', 117),
(9, '12345609', '1109', 118),
(10, '12345610', '1110', 119),
(11, '12345611', '1111', 120),
(12, '12345612', '1112', 121),
(13, '12345613', '1113', 122),
(14, '12345614', '1114', 123),
(15, '12345615', '1115', 124),
(16, '12345616', '1116', 125),
(17, '12345617', '1117', 126),
(18, '12345618', '1118', 127);

-- --------------------------------------------------------

--
-- Table structure for table `tbl_kontrak`
--

CREATE TABLE `tbl_kontrak` (
  `kontrak_id` int(11) NOT NULL auto_increment,
  `mk_id` int(11) NOT NULL,
  `mhs_id` int(11) NOT NULL,
  `dsn_id` int(11) NOT NULL,
  `kontrak_semester` tinyint(4) NOT NULL,
  `kontrak_nilai` varchar(3) collate latin1_general_ci NOT NULL,
  `kontrak_status` tinyint(4) NOT NULL,
  `kontrak_waktu` timestamp NOT NULL default CURRENT_TIMESTAMP,
  PRIMARY KEY  (`kontrak_id`)
) ENGINE=MyISAM  DEFAULT CHARSET=latin1 COLLATE=latin1_general_ci AUTO_INCREMENT=2121 ;

--
-- Dumping data for table `tbl_kontrak`
--

INSERT INTO `tbl_kontrak` (`kontrak_id`, `mk_id`, `mhs_id`, `dsn_id`, `kontrak_semester`, `kontrak_nilai`, `kontrak_status`, `kontrak_waktu`) VALUES
(1, 22, 1, 11, 1, 'A', 3, '2008-01-15 02:12:04'),
(2, 11, 1, 16, 1, 'A', 3, '2008-01-15 02:12:06'),
(3, 21, 1, 7, 1, 'A', 3, '2008-01-15 02:12:10'),
(4, 23, 1, 13, 1, 'B', 3, '2008-01-15 02:12:13'),
(5, 18, 1, 4, 1, 'B', 3, '2008-01-15 02:12:15'),
(6, 19, 1, 16, 1, 'B', 3, '2008-01-15 02:12:18'),
(7, 20, 1, 10, 1, 'C', 3, '2008-01-15 02:12:22'),
(8, 27, 1, 1, 1, 'B', 3, '2008-01-15 02:12:25'),
(9, 37, 1, 5, 2, 'A', 3, '2008-01-15 02:20:50'),
(10, 31, 1, 10, 2, 'B', 3, '2008-01-15 02:20:52'),
(11, 9, 1, 10, 2, 'A', 3, '2008-01-15 02:20:55'),
(12, 24, 1, 1, 2, 'C', 3, '2008-01-15 02:20:57'),
(13, 36, 1, 11, 2, 'A', 3, '2008-01-15 02:20:59'),
(14, 3, 1, 7, 2, 'A', 3, '2008-01-15 02:21:03'),
(15, 25, 1, 2, 2, 'A', 3, '2008-01-15 02:21:06'),
(16, 34, 1, 4, 2, 'A', 3, '2008-01-15 02:21:58'),
(17, 28, 1, 11, 3, '', 2, '2008-01-15 04:23:19'),
(18, 32, 1, 3, 3, '', 2, '2008-01-15 04:23:17'),
(19, 78, 1, 3, 3, '', 2, '2008-01-15 04:23:14'),
(20, 26, 1, 5, 3, 'BL', 3, '2008-01-15 04:23:11'),
(21, 29, 1, 9, 3, '', 2, '2008-01-15 04:23:08'),
(22, 76, 1, 5, 3, '', 2, '2008-01-15 04:23:05'),
(23, 59, 1, 11, 3, '', 2, '2008-01-15 04:23:03'),
(24, 8, 1, 12, 3, '', 2, '2008-01-15 04:23:01'),
(25, 22, 2, 11, 1, 'A', 3, '2008-01-15 02:12:04'),
(26, 11, 2, 16, 1, 'A', 3, '2008-01-15 02:12:06'),
(27, 21, 2, 7, 1, 'A', 3, '2008-01-15 02:12:10'),
(28, 23, 2, 13, 1, 'B', 3, '2008-01-15 02:12:13'),
(29, 18, 2, 4, 1, 'B', 3, '2008-01-15 02:12:15'),
(30, 19, 2, 16, 1, 'B', 3, '2008-01-15 02:12:18'),
(31, 20, 2, 10, 1, 'C', 3, '2008-01-15 02:12:22'),
(32, 27, 2, 1, 1, 'B', 3, '2008-01-15 02:12:25'),
(33, 37, 2, 5, 2, 'A', 3, '2008-01-15 02:20:50'),
(34, 31, 2, 10, 2, 'B', 3, '2008-01-15 02:20:52'),
(35, 9, 2, 10, 2, 'A', 3, '2008-01-15 02:20:55'),
(36, 24, 2, 1, 2, 'C', 3, '2008-01-15 02:20:57'),
(37, 36, 2, 11, 2, 'A', 3, '2008-01-15 02:20:59'),
(38, 3, 2, 7, 2, 'A', 3, '2008-01-15 02:21:03'),
(39, 25, 2, 2, 2, 'A', 3, '2008-01-15 02:21:06'),
(40, 34, 2, 4, 2, 'A', 3, '2008-01-15 02:21:58'),
(41, 28, 2, 11, 3, '', 2, '2008-01-15 04:23:19'),
(42, 32, 2, 3, 3, '', 2, '2008-01-15 04:23:17'),
(43, 78, 2, 3, 3, '', 2, '2008-01-15 04:23:14'),
(44, 26, 2, 5, 3, 'B', 3, '2008-01-15 04:23:11'),
(45, 29, 2, 9, 3, '', 2, '2008-01-15 04:23:08'),
(46, 76, 2, 5, 3, '', 2, '2008-01-15 04:23:05'),
(47, 59, 2, 11, 3, '', 2, '2008-01-15 04:23:03'),
(48, 8, 2, 12, 3, '', 2, '2008-01-15 04:23:01'),
(49, 22, 3, 11, 1, 'A', 3, '2008-01-15 02:12:04'),
(50, 11, 3, 16, 1, 'A', 3, '2008-01-15 02:12:06'),
(51, 21, 3, 7, 1, 'A', 3, '2008-01-15 02:12:10'),
(52, 23, 3, 13, 1, 'B', 3, '2008-01-15 02:12:13'),
(53, 18, 3, 4, 1, 'B', 3, '2008-01-15 02:12:15'),
(54, 19, 3, 16, 1, 'B', 3, '2008-01-15 02:12:18'),
(55, 20, 3, 10, 1, 'C', 3, '2008-01-15 02:12:22'),
(56, 27, 3, 1, 1, 'B', 3, '2008-01-15 02:12:25'),
(57, 37, 3, 5, 2, 'A', 3, '2008-01-15 02:20:50'),
(58, 31, 3, 10, 2, 'B', 3, '2008-01-15 02:20:52'),
(59, 9, 3, 10, 2, 'A', 3, '2008-01-15 02:20:55'),
(60, 24, 3, 1, 2, 'C', 3, '2008-01-15 02:20:57'),
(61, 36, 3, 11, 2, 'A', 3, '2008-01-15 02:20:59'),
(62, 3, 3, 7, 2, 'A', 3, '2008-01-15 02:21:03'),
(63, 25, 3, 2, 2, 'A', 3, '2008-01-15 02:21:06'),
(64, 34, 3, 4, 2, 'A', 3, '2008-01-15 02:21:58'),
(65, 28, 3, 11, 3, '', 2, '2008-01-15 04:23:19'),
(66, 32, 3, 3, 3, '', 2, '2008-01-15 04:23:17'),
(67, 78, 3, 3, 3, '', 2, '2008-01-15 04:23:14'),
(68, 26, 3, 5, 3, 'A', 3, '2008-01-15 04:23:11'),
(69, 29, 3, 9, 3, '', 2, '2008-01-15 04:23:08'),
(70, 76, 3, 5, 3, '', 2, '2008-01-15 04:23:05'),
(71, 59, 3, 11, 3, '', 2, '2008-01-15 04:23:03'),
(72, 8, 3, 12, 3, '', 2, '2008-01-15 04:23:01'),
(73, 22, 4, 11, 1, 'A', 3, '2008-01-15 02:12:04'),
(74, 11, 4, 16, 1, 'A', 3, '2008-01-15 02:12:06'),
(75, 21, 4, 7, 1, 'A', 3, '2008-01-15 02:12:10'),
(76, 23, 4, 13, 1, 'B', 3, '2008-01-15 02:12:13'),
(77, 18, 4, 4, 1, 'B', 3, '2008-01-15 02:12:15'),
(78, 19, 4, 16, 1, 'B', 3, '2008-01-15 02:12:18'),
(79, 20, 4, 10, 1, 'C', 3, '2008-01-15 02:12:22'),
(80, 27, 4, 1, 1, 'B', 3, '2008-01-15 02:12:25'),
(81, 37, 4, 5, 2, 'A', 3, '2008-01-15 02:20:50'),
(82, 31, 4, 10, 2, 'B', 3, '2008-01-15 02:20:52'),
(83, 9, 4, 10, 2, 'A', 3, '2008-01-15 02:20:55'),
(84, 24, 4, 1, 2, 'C', 3, '2008-01-15 02:20:57'),
(85, 36, 4, 11, 2, 'A', 3, '2008-01-15 02:20:59'),
(86, 3, 4, 7, 2, 'A', 3, '2008-01-15 02:21:03'),
(87, 25, 4, 2, 2, 'A', 3, '2008-01-15 02:21:06'),
(88, 34, 4, 4, 2, 'A', 3, '2008-01-15 02:21:58'),
(89, 28, 4, 11, 3, '', 2, '2008-01-15 04:23:19'),
(90, 32, 4, 3, 3, '', 2, '2008-01-15 04:23:17'),
(91, 78, 4, 3, 3, '', 2, '2008-01-15 04:23:14'),
(92, 26, 4, 5, 3, 'A', 3, '2008-01-15 04:23:11'),
(93, 29, 4, 9, 3, '', 2, '2008-01-15 04:23:08'),
(94, 76, 4, 5, 3, '', 2, '2008-01-15 04:23:05'),
(95, 59, 4, 11, 3, '', 2, '2008-01-15 04:23:03'),
(96, 8, 4, 12, 3, '', 2, '2008-01-15 04:23:01'),
(97, 22, 5, 11, 1, 'A', 3, '2008-01-15 02:12:04'),
(98, 11, 5, 16, 1, 'A', 3, '2008-01-15 02:12:06'),
(99, 21, 5, 7, 1, 'A', 3, '2008-01-15 02:12:10'),
(100, 23, 5, 13, 1, 'B', 3, '2008-01-15 02:12:13'),
(101, 18, 5, 4, 1, 'B', 3, '2008-01-15 02:12:15'),
(102, 19, 5, 16, 1, 'B', 3, '2008-01-15 02:12:18'),
(103, 20, 5, 10, 1, 'C', 3, '2008-01-15 02:12:22'),
(104, 27, 5, 1, 1, 'B', 3, '2008-01-15 02:12:25'),
(105, 37, 5, 5, 2, 'A', 3, '2008-01-15 02:20:50'),
(106, 31, 5, 10, 2, 'B', 3, '2008-01-15 02:20:52'),
(107, 9, 5, 10, 2, 'A', 3, '2008-01-15 02:20:55'),
(108, 24, 5, 1, 2, 'C', 3, '2008-01-15 02:20:57'),
(109, 36, 5, 11, 2, 'A', 3, '2008-01-15 02:20:59'),
(110, 3, 5, 7, 2, 'A', 3, '2008-01-15 02:21:03'),
(111, 25, 5, 2, 2, 'A', 3, '2008-01-15 02:21:06'),
(112, 34, 5, 4, 2, 'A', 3, '2008-01-15 02:21:58'),
(113, 28, 5, 11, 3, '', 2, '2008-01-15 04:23:19'),
(114, 32, 5, 3, 3, '', 2, '2008-01-15 04:23:17'),
(115, 78, 5, 3, 3, '', 2, '2008-01-15 04:23:14'),
(116, 26, 5, 5, 3, 'A', 3, '2008-01-15 04:23:11'),
(117, 29, 5, 9, 3, '', 2, '2008-01-15 04:23:08'),
(118, 76, 5, 5, 3, '', 2, '2008-01-15 04:23:05'),
(119, 59, 5, 11, 3, '', 2, '2008-01-15 04:23:03'),
(120, 8, 5, 12, 3, '', 2, '2008-01-15 04:23:01'),
(121, 22, 6, 11, 1, 'A', 3, '2008-01-15 02:12:04'),
(122, 11, 6, 16, 1, 'A', 3, '2008-01-15 02:12:06'),
(123, 21, 6, 7, 1, 'A', 3, '2008-01-15 02:12:10'),
(124, 23, 6, 13, 1, 'B', 3, '2008-01-15 02:12:13'),
(125, 18, 6, 4, 1, 'B', 3, '2008-01-15 02:12:15'),
(126, 19, 6, 16, 1, 'B', 3, '2008-01-15 02:12:18'),
(127, 20, 6, 10, 1, 'C', 3, '2008-01-15 02:12:22'),
(128, 27, 6, 1, 1, 'B', 3, '2008-01-15 02:12:25'),
(129, 37, 6, 5, 2, 'A', 3, '2008-01-15 02:20:50'),
(130, 31, 6, 10, 2, 'B', 3, '2008-01-15 02:20:52'),
(131, 9, 6, 10, 2, 'A', 3, '2008-01-15 02:20:55'),
(132, 24, 6, 1, 2, 'C', 3, '2008-01-15 02:20:57'),
(133, 36, 6, 11, 2, 'A', 3, '2008-01-15 02:20:59'),
(134, 3, 6, 7, 2, 'A', 3, '2008-01-15 02:21:03'),
(135, 25, 6, 2, 2, 'A', 3, '2008-01-15 02:21:06'),
(136, 34, 6, 4, 2, 'A', 3, '2008-01-15 02:21:58'),
(137, 28, 6, 11, 3, '', 2, '2008-01-15 04:23:19'),
(138, 32, 6, 3, 3, '', 2, '2008-01-15 04:23:17'),
(139, 78, 6, 3, 3, '', 2, '2008-01-15 04:23:14'),
(140, 26, 6, 5, 3, '', 2, '2008-01-15 04:23:11'),
(141, 29, 6, 9, 3, '', 2, '2008-01-15 04:23:08'),
(142, 76, 6, 5, 3, '', 2, '2008-01-15 04:23:05'),
(143, 59, 6, 11, 3, '', 2, '2008-01-15 04:23:03'),
(144, 8, 6, 12, 3, '', 2, '2008-01-15 04:23:01'),
(145, 22, 7, 11, 1, 'A', 3, '2008-01-15 02:12:04'),
(146, 11, 7, 16, 1, 'A', 3, '2008-01-15 02:12:06'),
(147, 21, 7, 7, 1, 'A', 3, '2008-01-15 02:12:10'),
(148, 23, 7, 13, 1, 'B', 3, '2008-01-15 02:12:13'),
(149, 18, 7, 4, 1, 'B', 3, '2008-01-15 02:12:15'),
(150, 19, 7, 16, 1, 'B', 3, '2008-01-15 02:12:18'),
(151, 20, 7, 10, 1, 'C', 3, '2008-01-15 02:12:22'),
(152, 27, 7, 1, 1, 'B', 3, '2008-01-15 02:12:25'),
(153, 37, 7, 5, 2, 'A', 3, '2008-01-15 02:20:50'),
(154, 31, 7, 10, 2, 'B', 3, '2008-01-15 02:20:52'),
(155, 9, 7, 10, 2, 'A', 3, '2008-01-15 02:20:55'),
(156, 24, 7, 1, 2, 'C', 3, '2008-01-15 02:20:57'),
(157, 36, 7, 11, 2, 'A', 3, '2008-01-15 02:20:59'),
(158, 3, 7, 7, 2, 'A', 3, '2008-01-15 02:21:03'),
(159, 25, 7, 2, 2, 'A', 3, '2008-01-15 02:21:06'),
(160, 34, 7, 4, 2, 'A', 3, '2008-01-15 02:21:58'),
(161, 28, 7, 11, 3, '', 2, '2008-01-15 04:23:19'),
(162, 32, 7, 3, 3, '', 2, '2008-01-15 04:23:17'),
(163, 78, 7, 3, 3, '', 2, '2008-01-15 04:23:14'),
(164, 26, 7, 5, 3, '', 2, '2008-01-15 04:23:11'),
(165, 29, 7, 9, 3, '', 2, '2008-01-15 04:23:08'),
(166, 76, 7, 5, 3, '', 2, '2008-01-15 04:23:05'),
(167, 59, 7, 11, 3, '', 2, '2008-01-15 04:23:03'),
(168, 8, 7, 12, 3, '', 2, '2008-01-15 04:23:01'),
(169, 22, 8, 11, 1, 'A', 3, '2008-01-15 02:12:04'),
(170, 11, 8, 16, 1, 'A', 3, '2008-01-15 02:12:06'),
(171, 21, 8, 7, 1, 'A', 3, '2008-01-15 02:12:10'),
(172, 23, 8, 13, 1, 'B', 3, '2008-01-15 02:12:13'),
(173, 18, 8, 4, 1, 'B', 3, '2008-01-15 02:12:15'),
(174, 19, 8, 16, 1, 'B', 3, '2008-01-15 02:12:18'),
(175, 20, 8, 10, 1, 'C', 3, '2008-01-15 02:12:22'),
(176, 27, 8, 1, 1, 'B', 3, '2008-01-15 02:12:25'),
(177, 37, 8, 5, 2, 'A', 3, '2008-01-15 02:20:50'),
(178, 31, 8, 10, 2, 'B', 3, '2008-01-15 02:20:52'),
(179, 9, 8, 10, 2, 'A', 3, '2008-01-15 02:20:55'),
(180, 24, 8, 1, 2, 'C', 3, '2008-01-15 02:20:57'),
(181, 36, 8, 11, 2, 'A', 3, '2008-01-15 02:20:59'),
(182, 3, 8, 7, 2, 'A', 3, '2008-01-15 02:21:03'),
(183, 25, 8, 2, 2, 'A', 3, '2008-01-15 02:21:06'),
(184, 34, 8, 4, 2, 'A', 3, '2008-01-15 02:21:58'),
(185, 28, 8, 11, 3, '', 2, '2008-01-15 04:23:19'),
(186, 32, 8, 3, 3, '', 2, '2008-01-15 04:23:17'),
(187, 78, 8, 3, 3, '', 2, '2008-01-15 04:23:14'),
(188, 26, 8, 5, 3, '', 2, '2008-01-15 04:23:11'),
(189, 29, 8, 9, 3, '', 2, '2008-01-15 04:23:08'),
(190, 76, 8, 5, 3, '', 2, '2008-01-15 04:23:05'),
(191, 59, 8, 11, 3, '', 2, '2008-01-15 04:23:03'),
(192, 8, 8, 12, 3, '', 2, '2008-01-15 04:23:01'),
(193, 22, 9, 11, 1, 'A', 3, '2008-01-15 02:12:04'),
(194, 11, 9, 16, 1, 'A', 3, '2008-01-15 02:12:06'),
(195, 21, 9, 7, 1, 'A', 3, '2008-01-15 02:12:10'),
(196, 23, 9, 13, 1, 'B', 3, '2008-01-15 02:12:13'),
(197, 18, 9, 4, 1, 'B', 3, '2008-01-15 02:12:15'),
(198, 19, 9, 16, 1, 'B', 3, '2008-01-15 02:12:18'),
(199, 20, 9, 10, 1, 'C', 3, '2008-01-15 02:12:22'),
(200, 27, 9, 1, 1, 'B', 3, '2008-01-15 02:12:25'),
(201, 37, 9, 5, 2, 'A', 3, '2008-01-15 02:20:50'),
(202, 31, 9, 10, 2, 'B', 3, '2008-01-15 02:20:52'),
(203, 9, 9, 10, 2, 'A', 3, '2008-01-15 02:20:55'),
(204, 24, 9, 1, 2, 'C', 3, '2008-01-15 02:20:57'),
(205, 36, 9, 11, 2, 'A', 3, '2008-01-15 02:20:59'),
(206, 3, 9, 7, 2, 'A', 3, '2008-01-15 02:21:03'),
(207, 25, 9, 2, 2, 'A', 3, '2008-01-15 02:21:06'),
(208, 34, 9, 4, 2, 'A', 3, '2008-01-15 02:21:58'),
(209, 28, 9, 11, 3, '', 2, '2008-01-15 04:23:19'),
(210, 32, 9, 3, 3, '', 2, '2008-01-15 04:23:17'),
(211, 78, 9, 3, 3, '', 2, '2008-01-15 04:23:14'),
(212, 26, 9, 5, 3, '', 2, '2008-01-15 04:23:11'),
(213, 29, 9, 9, 3, '', 2, '2008-01-15 04:23:08'),
(214, 76, 9, 5, 3, '', 2, '2008-01-15 04:23:05'),
(215, 59, 9, 11, 3, '', 2, '2008-01-15 04:23:03'),
(216, 8, 9, 12, 3, '', 2, '2008-01-15 04:23:01'),
(217, 22, 10, 11, 1, 'A', 3, '2008-01-15 02:12:04'),
(218, 11, 10, 16, 1, 'A', 3, '2008-01-15 02:12:06'),
(219, 21, 10, 7, 1, 'A', 3, '2008-01-15 02:12:10'),
(220, 23, 10, 13, 1, 'B', 3, '2008-01-15 02:12:13'),
(221, 18, 10, 4, 1, 'B', 3, '2008-01-15 02:12:15'),
(222, 19, 10, 16, 1, 'B', 3, '2008-01-15 02:12:18'),
(223, 20, 10, 10, 1, 'C', 3, '2008-01-15 02:12:22'),
(224, 27, 10, 1, 1, 'B', 3, '2008-01-15 02:12:25'),
(225, 37, 10, 5, 2, 'A', 3, '2008-01-15 02:20:50'),
(226, 31, 10, 10, 2, 'B', 3, '2008-01-15 02:20:52'),
(227, 9, 10, 10, 2, 'A', 3, '2008-01-15 02:20:55'),
(228, 24, 10, 1, 2, 'C', 3, '2008-01-15 02:20:57'),
(229, 36, 10, 11, 2, 'A', 3, '2008-01-15 02:20:59'),
(230, 3, 10, 7, 2, 'A', 3, '2008-01-15 02:21:03'),
(231, 25, 10, 2, 2, 'A', 3, '2008-01-15 02:21:06'),
(232, 34, 10, 4, 2, 'A', 3, '2008-01-15 02:21:58'),
(233, 28, 10, 11, 3, '', 2, '2008-01-15 04:23:19'),
(234, 32, 10, 3, 3, '', 2, '2008-01-15 04:23:17'),
(235, 78, 10, 3, 3, '', 2, '2008-01-15 04:23:14'),
(236, 26, 10, 5, 3, '', 2, '2008-01-15 04:23:11'),
(237, 29, 10, 9, 3, '', 2, '2008-01-15 04:23:08'),
(238, 76, 10, 5, 3, '', 2, '2008-01-15 04:23:05'),
(239, 59, 10, 11, 3, '', 2, '2008-01-15 04:23:03'),
(240, 8, 10, 12, 3, '', 2, '2008-01-15 04:23:01'),
(241, 22, 11, 11, 1, 'A', 3, '2008-01-15 02:12:04'),
(242, 11, 11, 16, 1, 'A', 3, '2008-01-15 02:12:06'),
(243, 21, 11, 7, 1, 'A', 3, '2008-01-15 02:12:10'),
(244, 23, 11, 13, 1, 'B', 3, '2008-01-15 02:12:13'),
(245, 18, 11, 4, 1, 'B', 3, '2008-01-15 02:12:15'),
(246, 19, 11, 16, 1, 'B', 3, '2008-01-15 02:12:18'),
(247, 20, 11, 10, 1, 'C', 3, '2008-01-15 02:12:22'),
(248, 27, 11, 1, 1, 'B', 3, '2008-01-15 02:12:25'),
(249, 37, 11, 5, 2, 'A', 3, '2008-01-15 02:20:50'),
(250, 31, 11, 10, 2, 'B', 3, '2008-01-15 02:20:52'),
(251, 9, 11, 10, 2, 'A', 3, '2008-01-15 02:20:55'),
(252, 24, 11, 1, 2, 'C', 3, '2008-01-15 02:20:57'),
(253, 36, 11, 11, 2, 'A', 3, '2008-01-15 02:20:59'),
(254, 3, 11, 7, 2, 'A', 3, '2008-01-15 02:21:03'),
(255, 25, 11, 2, 2, 'A', 3, '2008-01-15 02:21:06'),
(256, 34, 11, 4, 2, 'A', 3, '2008-01-15 02:21:58'),
(257, 28, 11, 11, 3, '', 2, '2008-01-15 04:23:19'),
(258, 32, 11, 3, 3, '', 2, '2008-01-15 04:23:17'),
(259, 78, 11, 3, 3, '', 2, '2008-01-15 04:23:14'),
(260, 26, 11, 5, 3, '', 2, '2008-01-15 04:23:11'),
(261, 29, 11, 9, 3, '', 2, '2008-01-15 04:23:08'),
(262, 76, 11, 5, 3, '', 2, '2008-01-15 04:23:05'),
(263, 59, 11, 11, 3, '', 2, '2008-01-15 04:23:03'),
(264, 8, 11, 12, 3, '', 2, '2008-01-15 04:23:01'),
(265, 22, 12, 11, 1, 'A', 3, '2008-01-15 02:12:04'),
(266, 11, 12, 16, 1, 'A', 3, '2008-01-15 02:12:06'),
(267, 21, 12, 7, 1, 'A', 3, '2008-01-15 02:12:10'),
(268, 23, 12, 13, 1, 'B', 3, '2008-01-15 02:12:13'),
(269, 18, 12, 4, 1, 'B', 3, '2008-01-15 02:12:15'),
(270, 19, 12, 16, 1, 'B', 3, '2008-01-15 02:12:18'),
(271, 20, 12, 10, 1, 'C', 3, '2008-01-15 02:12:22'),
(272, 27, 12, 1, 1, 'B', 3, '2008-01-15 02:12:25'),
(273, 37, 12, 5, 2, 'A', 3, '2008-01-15 02:20:50'),
(274, 31, 12, 10, 2, 'B', 3, '2008-01-15 02:20:52'),
(275, 9, 12, 10, 2, 'A', 3, '2008-01-15 02:20:55'),
(276, 24, 12, 1, 2, 'C', 3, '2008-01-15 02:20:57'),
(277, 36, 12, 11, 2, 'A', 3, '2008-01-15 02:20:59'),
(278, 3, 12, 7, 2, 'A', 3, '2008-01-15 02:21:03'),
(279, 25, 12, 2, 2, 'A', 3, '2008-01-15 02:21:06'),
(280, 34, 12, 4, 2, 'A', 3, '2008-01-15 02:21:58'),
(281, 28, 12, 11, 3, '', 2, '2008-01-15 04:23:19'),
(282, 32, 12, 3, 3, '', 2, '2008-01-15 04:23:17'),
(283, 78, 12, 3, 3, '', 2, '2008-01-15 04:23:14'),
(284, 26, 12, 5, 3, '', 2, '2008-01-15 04:23:11'),
(285, 29, 12, 9, 3, '', 2, '2008-01-15 04:23:08'),
(286, 76, 12, 5, 3, '', 2, '2008-01-15 04:23:05'),
(287, 59, 12, 11, 3, '', 2, '2008-01-15 04:23:03'),
(288, 8, 12, 12, 3, '', 2, '2008-01-15 04:23:01'),
(289, 22, 13, 11, 1, 'A', 3, '2008-01-15 02:12:04'),
(290, 11, 13, 16, 1, 'A', 3, '2008-01-15 02:12:06'),
(291, 21, 13, 7, 1, 'A', 3, '2008-01-15 02:12:10'),
(292, 23, 13, 13, 1, 'B', 3, '2008-01-15 02:12:13'),
(293, 18, 13, 4, 1, 'B', 3, '2008-01-15 02:12:15'),
(294, 19, 13, 16, 1, 'B', 3, '2008-01-15 02:12:18'),
(295, 20, 13, 10, 1, 'C', 3, '2008-01-15 02:12:22'),
(296, 27, 13, 1, 1, 'B', 3, '2008-01-15 02:12:25'),
(297, 37, 13, 5, 2, 'A', 3, '2008-01-15 02:20:50'),
(298, 31, 13, 10, 2, 'B', 3, '2008-01-15 02:20:52'),
(299, 9, 13, 10, 2, 'A', 3, '2008-01-15 02:20:55'),
(300, 24, 13, 1, 2, 'C', 3, '2008-01-15 02:20:57'),
(301, 36, 13, 11, 2, 'A', 3, '2008-01-15 02:20:59'),
(302, 3, 13, 7, 2, 'A', 3, '2008-01-15 02:21:03'),
(303, 25, 13, 2, 2, 'A', 3, '2008-01-15 02:21:06'),
(304, 34, 13, 4, 2, 'A', 3, '2008-01-15 02:21:58'),
(305, 28, 13, 11, 3, '', 2, '2008-01-15 04:23:19'),
(306, 32, 13, 3, 3, '', 2, '2008-01-15 04:23:17'),
(307, 78, 13, 3, 3, '', 2, '2008-01-15 04:23:14'),
(308, 26, 13, 5, 3, '', 2, '2008-01-15 04:23:11'),
(309, 29, 13, 9, 3, '', 2, '2008-01-15 04:23:08'),
(310, 76, 13, 5, 3, '', 2, '2008-01-15 04:23:05'),
(311, 59, 13, 11, 3, '', 2, '2008-01-15 04:23:03'),
(312, 8, 13, 12, 3, '', 2, '2008-01-15 04:23:01'),
(313, 22, 14, 11, 1, 'A', 3, '2008-01-15 02:12:04'),
(314, 11, 14, 16, 1, 'A', 3, '2008-01-15 02:12:06'),
(315, 21, 14, 7, 1, 'A', 3, '2008-01-15 02:12:10'),
(316, 23, 14, 13, 1, 'B', 3, '2008-01-15 02:12:13'),
(317, 18, 14, 4, 1, 'B', 3, '2008-01-15 02:12:15'),
(318, 19, 14, 16, 1, 'B', 3, '2008-01-15 02:12:18'),
(319, 20, 14, 10, 1, 'C', 3, '2008-01-15 02:12:22'),
(320, 27, 14, 1, 1, 'B', 3, '2008-01-15 02:12:25'),
(321, 37, 14, 5, 2, 'A', 3, '2008-01-15 02:20:50'),
(322, 31, 14, 10, 2, 'B', 3, '2008-01-15 02:20:52'),
(323, 9, 14, 10, 2, 'A', 3, '2008-01-15 02:20:55'),
(324, 24, 14, 1, 2, 'C', 3, '2008-01-15 02:20:57'),
(325, 36, 14, 11, 2, 'A', 3, '2008-01-15 02:20:59'),
(326, 3, 14, 7, 2, 'A', 3, '2008-01-15 02:21:03'),
(327, 25, 14, 2, 2, 'A', 3, '2008-01-15 02:21:06'),
(328, 34, 14, 4, 2, 'A', 3, '2008-01-15 02:21:58'),
(329, 28, 14, 11, 3, '', 2, '2008-01-15 04:23:19'),
(330, 32, 14, 3, 3, '', 2, '2008-01-15 04:23:17'),
(331, 78, 14, 3, 3, '', 2, '2008-01-15 04:23:14'),
(332, 26, 14, 5, 3, '', 2, '2008-01-15 04:23:11'),
(333, 29, 14, 9, 3, '', 2, '2008-01-15 04:23:08'),
(334, 76, 14, 5, 3, '', 2, '2008-01-15 04:23:05'),
(335, 59, 14, 11, 3, '', 2, '2008-01-15 04:23:03'),
(336, 8, 14, 12, 3, '', 2, '2008-01-15 04:23:01'),
(337, 22, 15, 11, 1, 'A', 3, '2008-01-15 02:12:04'),
(338, 11, 15, 16, 1, 'A', 3, '2008-01-15 02:12:06'),
(339, 21, 15, 7, 1, 'A', 3, '2008-01-15 02:12:10'),
(340, 23, 15, 13, 1, 'B', 3, '2008-01-15 02:12:13'),
(341, 18, 15, 4, 1, 'B', 3, '2008-01-15 02:12:15'),
(342, 19, 15, 16, 1, 'B', 3, '2008-01-15 02:12:18'),
(343, 20, 15, 10, 1, 'C', 3, '2008-01-15 02:12:22'),
(344, 27, 15, 1, 1, 'B', 3, '2008-01-15 02:12:25'),
(345, 37, 15, 5, 2, 'A', 3, '2008-01-15 02:20:50'),
(346, 31, 15, 10, 2, 'B', 3, '2008-01-15 02:20:52'),
(347, 9, 15, 10, 2, 'A', 3, '2008-01-15 02:20:55'),
(348, 24, 15, 1, 2, 'C', 3, '2008-01-15 02:20:57'),
(349, 36, 15, 11, 2, 'A', 3, '2008-01-15 02:20:59'),
(350, 3, 15, 7, 2, 'A', 3, '2008-01-15 02:21:03'),
(351, 25, 15, 2, 2, 'A', 3, '2008-01-15 02:21:06'),
(352, 34, 15, 4, 2, 'A', 3, '2008-01-15 02:21:58'),
(353, 28, 15, 11, 3, '', 2, '2008-01-15 04:23:19'),
(354, 32, 15, 3, 3, '', 2, '2008-01-15 04:23:17'),
(355, 78, 15, 3, 3, '', 2, '2008-01-15 04:23:14'),
(356, 26, 15, 5, 3, '', 2, '2008-01-15 04:23:11'),
(357, 29, 15, 9, 3, '', 2, '2008-01-15 04:23:08'),
(358, 76, 15, 5, 3, '', 2, '2008-01-15 04:23:05'),
(359, 59, 15, 11, 3, '', 2, '2008-01-15 04:23:03'),
(360, 8, 15, 12, 3, '', 2, '2008-01-15 04:23:01'),
(361, 22, 16, 11, 1, 'A', 3, '2008-01-15 02:12:04'),
(362, 11, 16, 16, 1, 'A', 3, '2008-01-15 02:12:06'),
(363, 21, 16, 7, 1, 'A', 3, '2008-01-15 02:12:10'),
(364, 23, 16, 13, 1, 'B', 3, '2008-01-15 02:12:13'),
(365, 18, 16, 4, 1, 'B', 3, '2008-01-15 02:12:15'),
(366, 19, 16, 16, 1, 'B', 3, '2008-01-15 02:12:18'),
(367, 20, 16, 10, 1, 'C', 3, '2008-01-15 02:12:22'),
(368, 27, 16, 1, 1, 'B', 3, '2008-01-15 02:12:25'),
(369, 37, 16, 5, 2, 'A', 3, '2008-01-15 02:20:50'),
(370, 31, 16, 10, 2, 'B', 3, '2008-01-15 02:20:52'),
(371, 9, 16, 10, 2, 'A', 3, '2008-01-15 02:20:55'),
(372, 24, 16, 1, 2, 'C', 3, '2008-01-15 02:20:57'),
(373, 36, 16, 11, 2, 'A', 3, '2008-01-15 02:20:59'),
(374, 3, 16, 7, 2, 'A', 3, '2008-01-15 02:21:03'),
(375, 25, 16, 2, 2, 'A', 3, '2008-01-15 02:21:06'),
(376, 34, 16, 4, 2, 'A', 3, '2008-01-15 02:21:58'),
(377, 28, 16, 11, 3, '', 2, '2008-01-15 04:23:19'),
(378, 32, 16, 3, 3, '', 2, '2008-01-15 04:23:17'),
(379, 78, 16, 3, 3, '', 2, '2008-01-15 04:23:14'),
(380, 26, 16, 5, 3, '', 2, '2008-01-15 04:23:11'),
(381, 29, 16, 9, 3, '', 2, '2008-01-15 04:23:08'),
(382, 76, 16, 5, 3, '', 2, '2008-01-15 04:23:05'),
(383, 59, 16, 11, 3, '', 2, '2008-01-15 04:23:03'),
(384, 8, 16, 12, 3, '', 2, '2008-01-15 04:23:01'),
(385, 22, 17, 11, 1, 'A', 3, '2008-01-15 02:12:04'),
(386, 11, 17, 16, 1, 'A', 3, '2008-01-15 02:12:06'),
(387, 21, 17, 7, 1, 'A', 3, '2008-01-15 02:12:10'),
(388, 23, 17, 13, 1, 'B', 3, '2008-01-15 02:12:13'),
(389, 18, 17, 4, 1, 'B', 3, '2008-01-15 02:12:15'),
(390, 19, 17, 16, 1, 'B', 3, '2008-01-15 02:12:18'),
(391, 20, 17, 10, 1, 'C', 3, '2008-01-15 02:12:22'),
(392, 27, 17, 1, 1, 'B', 3, '2008-01-15 02:12:25'),
(393, 37, 17, 5, 2, 'A', 3, '2008-01-15 02:20:50'),
(394, 31, 17, 10, 2, 'B', 3, '2008-01-15 02:20:52'),
(395, 9, 17, 10, 2, 'A', 3, '2008-01-15 02:20:55'),
(396, 24, 17, 1, 2, 'C', 3, '2008-01-15 02:20:57'),
(397, 36, 17, 11, 2, 'A', 3, '2008-01-15 02:20:59'),
(398, 3, 17, 7, 2, 'A', 3, '2008-01-15 02:21:03'),
(399, 25, 17, 2, 2, 'A', 3, '2008-01-15 02:21:06'),
(400, 34, 17, 4, 2, 'A', 3, '2008-01-15 02:21:58'),
(401, 28, 17, 11, 3, '', 2, '2008-01-15 04:23:19'),
(402, 32, 17, 3, 3, '', 2, '2008-01-15 04:23:17'),
(403, 78, 17, 3, 3, '', 2, '2008-01-15 04:23:14'),
(404, 26, 17, 5, 3, '', 2, '2008-01-15 04:23:11'),
(405, 29, 17, 9, 3, '', 2, '2008-01-15 04:23:08'),
(406, 76, 17, 5, 3, '', 2, '2008-01-15 04:23:05'),
(407, 59, 17, 11, 3, '', 2, '2008-01-15 04:23:03'),
(408, 8, 17, 12, 3, '', 2, '2008-01-15 04:23:01'),
(409, 22, 18, 11, 1, 'A', 3, '2008-01-15 02:12:04'),
(410, 11, 18, 16, 1, 'A', 3, '2008-01-15 02:12:06'),
(411, 21, 18, 7, 1, 'A', 3, '2008-01-15 02:12:10'),
(412, 23, 18, 13, 1, 'B', 3, '2008-01-15 02:12:13'),
(413, 18, 18, 4, 1, 'B', 3, '2008-01-15 02:12:15'),
(414, 19, 18, 16, 1, 'B', 3, '2008-01-15 02:12:18'),
(415, 20, 18, 10, 1, 'C', 3, '2008-01-15 02:12:22'),
(416, 27, 18, 1, 1, 'B', 3, '2008-01-15 02:12:25'),
(417, 37, 18, 5, 2, 'A', 3, '2008-01-15 02:20:50'),
(418, 31, 18, 10, 2, 'B', 3, '2008-01-15 02:20:52'),
(419, 9, 18, 10, 2, 'A', 3, '2008-01-15 02:20:55'),
(420, 24, 18, 1, 2, 'C', 3, '2008-01-15 02:20:57'),
(421, 36, 18, 11, 2, 'A', 3, '2008-01-15 02:20:59'),
(422, 3, 18, 7, 2, 'A', 3, '2008-01-15 02:21:03'),
(423, 25, 18, 2, 2, 'A', 3, '2008-01-15 02:21:06'),
(424, 34, 18, 4, 2, 'A', 3, '2008-01-15 02:21:58'),
(425, 28, 18, 11, 3, '', 2, '2008-01-15 04:23:19'),
(426, 32, 18, 3, 3, '', 2, '2008-01-15 04:23:17'),
(427, 78, 18, 3, 3, '', 2, '2008-01-15 04:23:14'),
(428, 26, 18, 5, 3, '', 2, '2008-01-15 04:23:11'),
(429, 29, 18, 9, 3, '', 2, '2008-01-15 04:23:08'),
(430, 76, 18, 5, 3, '', 2, '2008-01-15 04:23:05'),
(431, 59, 18, 11, 3, '', 2, '2008-01-15 04:23:03'),
(432, 8, 18, 12, 3, '', 2, '2008-01-15 04:23:01'),
(433, 22, 19, 11, 1, 'A', 3, '2008-01-15 02:12:04'),
(434, 11, 19, 16, 1, 'A', 3, '2008-01-15 02:12:06'),
(435, 21, 19, 7, 1, 'A', 3, '2008-01-15 02:12:10'),
(436, 23, 19, 13, 1, 'B', 3, '2008-01-15 02:12:13'),
(437, 18, 19, 4, 1, 'B', 3, '2008-01-15 02:12:15'),
(438, 19, 19, 16, 1, 'B', 3, '2008-01-15 02:12:18'),
(439, 20, 19, 10, 1, 'C', 3, '2008-01-15 02:12:22'),
(440, 27, 19, 1, 1, 'B', 3, '2008-01-15 02:12:25'),
(441, 37, 19, 5, 2, 'A', 3, '2008-01-15 02:20:50'),
(442, 31, 19, 10, 2, 'B', 3, '2008-01-15 02:20:52'),
(443, 9, 19, 10, 2, 'A', 3, '2008-01-15 02:20:55'),
(444, 24, 19, 1, 2, 'C', 3, '2008-01-15 02:20:57'),
(445, 36, 19, 11, 2, 'A', 3, '2008-01-15 02:20:59'),
(446, 3, 19, 7, 2, 'A', 3, '2008-01-15 02:21:03'),
(447, 25, 19, 2, 2, 'A', 3, '2008-01-15 02:21:06'),
(448, 34, 19, 4, 2, 'A', 3, '2008-01-15 02:21:58'),
(449, 28, 19, 11, 3, '', 2, '2008-01-15 04:23:19'),
(450, 32, 19, 3, 3, '', 2, '2008-01-15 04:23:17'),
(451, 78, 19, 3, 3, '', 2, '2008-01-15 04:23:14'),
(452, 26, 19, 5, 3, '', 2, '2008-01-15 04:23:11'),
(453, 29, 19, 9, 3, '', 2, '2008-01-15 04:23:08'),
(454, 76, 19, 5, 3, '', 2, '2008-01-15 04:23:05'),
(455, 59, 19, 11, 3, '', 2, '2008-01-15 04:23:03'),
(456, 8, 19, 12, 3, '', 2, '2008-01-15 04:23:01'),
(457, 22, 20, 11, 1, 'A', 3, '2008-01-15 02:12:04'),
(458, 11, 20, 16, 1, 'A', 3, '2008-01-15 02:12:06'),
(459, 21, 20, 7, 1, 'A', 3, '2008-01-15 02:12:10'),
(460, 23, 20, 13, 1, 'B', 3, '2008-01-15 02:12:13'),
(461, 18, 20, 4, 1, 'B', 3, '2008-01-15 02:12:15'),
(462, 19, 20, 16, 1, 'B', 3, '2008-01-15 02:12:18'),
(463, 20, 20, 10, 1, 'C', 3, '2008-01-15 02:12:22'),
(464, 27, 20, 1, 1, 'B', 3, '2008-01-15 02:12:25'),
(465, 37, 20, 5, 2, 'A', 3, '2008-01-15 02:20:50'),
(466, 31, 20, 10, 2, 'B', 3, '2008-01-15 02:20:52'),
(467, 9, 20, 10, 2, 'A', 3, '2008-01-15 02:20:55'),
(468, 24, 20, 1, 2, 'C', 3, '2008-01-15 02:20:57'),
(469, 36, 20, 11, 2, 'A', 3, '2008-01-15 02:20:59'),
(470, 3, 20, 7, 2, 'A', 3, '2008-01-15 02:21:03'),
(471, 25, 20, 2, 2, 'A', 3, '2008-01-15 02:21:06'),
(472, 34, 20, 4, 2, 'A', 3, '2008-01-15 02:21:58'),
(473, 28, 20, 11, 3, '', 2, '2008-01-15 04:23:19'),
(474, 32, 20, 3, 3, '', 2, '2008-01-15 04:23:17'),
(475, 78, 20, 3, 3, '', 2, '2008-01-15 04:23:14'),
(476, 26, 20, 5, 3, '', 2, '2008-01-15 04:23:11'),
(477, 29, 20, 9, 3, '', 2, '2008-01-15 04:23:08'),
(478, 76, 20, 5, 3, '', 2, '2008-01-15 04:23:05'),
(479, 59, 20, 11, 3, '', 2, '2008-01-15 04:23:03'),
(480, 8, 20, 12, 3, '', 2, '2008-01-15 04:23:01'),
(481, 22, 21, 11, 1, 'A', 3, '2008-01-15 02:12:04'),
(482, 11, 21, 16, 1, 'A', 3, '2008-01-15 02:12:06'),
(483, 21, 21, 7, 1, 'A', 3, '2008-01-15 02:12:10'),
(484, 23, 21, 13, 1, 'B', 3, '2008-01-15 02:12:13'),
(485, 18, 21, 4, 1, 'B', 3, '2008-01-15 02:12:15'),
(486, 19, 21, 16, 1, 'B', 3, '2008-01-15 02:12:18'),
(487, 20, 21, 10, 1, 'C', 3, '2008-01-15 02:12:22'),
(488, 27, 21, 1, 1, 'B', 3, '2008-01-15 02:12:25'),
(489, 37, 21, 5, 2, 'A', 3, '2008-01-15 02:20:50'),
(490, 31, 21, 10, 2, 'B', 3, '2008-01-15 02:20:52'),
(491, 9, 21, 10, 2, 'A', 3, '2008-01-15 02:20:55'),
(492, 24, 21, 1, 2, 'C', 3, '2008-01-15 02:20:57'),
(493, 36, 21, 11, 2, 'A', 3, '2008-01-15 02:20:59'),
(494, 3, 21, 7, 2, 'A', 3, '2008-01-15 02:21:03'),
(495, 25, 21, 2, 2, 'A', 3, '2008-01-15 02:21:06'),
(496, 34, 21, 4, 2, 'A', 3, '2008-01-15 02:21:58'),
(497, 28, 21, 11, 3, '', 2, '2008-01-15 04:23:19'),
(498, 32, 21, 3, 3, '', 2, '2008-01-15 04:23:17'),
(499, 78, 21, 3, 3, '', 2, '2008-01-15 04:23:14'),
(500, 26, 21, 5, 3, '', 2, '2008-01-15 04:23:11'),
(501, 29, 21, 9, 3, '', 2, '2008-01-15 04:23:08'),
(502, 76, 21, 5, 3, '', 2, '2008-01-15 04:23:05'),
(503, 59, 21, 11, 3, '', 2, '2008-01-15 04:23:03'),
(504, 8, 21, 12, 3, '', 2, '2008-01-15 04:23:01'),
(505, 22, 22, 11, 1, 'A', 3, '2008-01-15 02:12:04'),
(506, 11, 22, 16, 1, 'A', 3, '2008-01-15 02:12:06'),
(507, 21, 22, 7, 1, 'A', 3, '2008-01-15 02:12:10'),
(508, 23, 22, 13, 1, 'B', 3, '2008-01-15 02:12:13'),
(509, 18, 22, 4, 1, 'B', 3, '2008-01-15 02:12:15'),
(510, 19, 22, 16, 1, 'B', 3, '2008-01-15 02:12:18'),
(511, 20, 22, 10, 1, 'C', 3, '2008-01-15 02:12:22'),
(512, 27, 22, 1, 1, 'B', 3, '2008-01-15 02:12:25'),
(513, 37, 22, 5, 2, 'A', 3, '2008-01-15 02:20:50'),
(514, 31, 22, 10, 2, 'B', 3, '2008-01-15 02:20:52'),
(515, 9, 22, 10, 2, 'A', 3, '2008-01-15 02:20:55'),
(516, 24, 22, 1, 2, 'C', 3, '2008-01-15 02:20:57'),
(517, 36, 22, 11, 2, 'A', 3, '2008-01-15 02:20:59'),
(518, 3, 22, 7, 2, 'A', 3, '2008-01-15 02:21:03'),
(519, 25, 22, 2, 2, 'A', 3, '2008-01-15 02:21:06'),
(520, 34, 22, 4, 2, 'A', 3, '2008-01-15 02:21:58'),
(521, 28, 22, 11, 3, '', 2, '2008-01-15 04:23:19'),
(522, 32, 22, 3, 3, '', 2, '2008-01-15 04:23:17'),
(523, 78, 22, 3, 3, '', 2, '2008-01-15 04:23:14'),
(524, 26, 22, 5, 3, '', 2, '2008-01-15 04:23:11'),
(525, 29, 22, 9, 3, '', 2, '2008-01-15 04:23:08'),
(526, 76, 22, 5, 3, '', 2, '2008-01-15 04:23:05'),
(527, 59, 22, 11, 3, '', 2, '2008-01-15 04:23:03'),
(528, 8, 22, 12, 3, '', 2, '2008-01-15 04:23:01'),
(529, 22, 23, 11, 1, 'A', 3, '2008-01-15 02:12:04'),
(530, 11, 23, 16, 1, 'A', 3, '2008-01-15 02:12:06'),
(531, 21, 23, 7, 1, 'A', 3, '2008-01-15 02:12:10'),
(532, 23, 23, 13, 1, 'B', 3, '2008-01-15 02:12:13'),
(533, 18, 23, 4, 1, 'B', 3, '2008-01-15 02:12:15'),
(534, 19, 23, 16, 1, 'B', 3, '2008-01-15 02:12:18'),
(535, 20, 23, 10, 1, 'C', 3, '2008-01-15 02:12:22'),
(536, 27, 23, 1, 1, 'B', 3, '2008-01-15 02:12:25'),
(537, 37, 23, 5, 2, 'A', 3, '2008-01-15 02:20:50'),
(538, 31, 23, 10, 2, 'B', 3, '2008-01-15 02:20:52'),
(539, 9, 23, 10, 2, 'A', 3, '2008-01-15 02:20:55'),
(540, 24, 23, 1, 2, 'C', 3, '2008-01-15 02:20:57'),
(541, 36, 23, 11, 2, 'A', 3, '2008-01-15 02:20:59'),
(542, 3, 23, 7, 2, 'A', 3, '2008-01-15 02:21:03'),
(543, 25, 23, 2, 2, 'A', 3, '2008-01-15 02:21:06'),
(544, 34, 23, 4, 2, 'A', 3, '2008-01-15 02:21:58'),
(545, 28, 23, 11, 3, '', 2, '2008-01-15 04:23:19'),
(546, 32, 23, 3, 3, '', 2, '2008-01-15 04:23:17'),
(547, 78, 23, 3, 3, '', 2, '2008-01-15 04:23:14'),
(548, 26, 23, 5, 3, '', 2, '2008-01-15 04:23:11'),
(549, 29, 23, 9, 3, '', 2, '2008-01-15 04:23:08'),
(550, 76, 23, 5, 3, '', 2, '2008-01-15 04:23:05'),
(551, 59, 23, 11, 3, '', 2, '2008-01-15 04:23:03'),
(552, 8, 23, 12, 3, '', 2, '2008-01-15 04:23:01'),
(553, 22, 24, 11, 1, 'A', 3, '2008-01-15 02:12:04'),
(554, 11, 24, 16, 1, 'A', 3, '2008-01-15 02:12:06'),
(555, 21, 24, 7, 1, 'A', 3, '2008-01-15 02:12:10'),
(556, 23, 24, 13, 1, 'B', 3, '2008-01-15 02:12:13'),
(557, 18, 24, 4, 1, 'B', 3, '2008-01-15 02:12:15'),
(558, 19, 24, 16, 1, 'B', 3, '2008-01-15 02:12:18'),
(559, 20, 24, 10, 1, 'C', 3, '2008-01-15 02:12:22'),
(560, 27, 24, 1, 1, 'B', 3, '2008-01-15 02:12:25'),
(561, 37, 24, 5, 2, 'A', 3, '2008-01-15 02:20:50'),
(562, 31, 24, 10, 2, 'B', 3, '2008-01-15 02:20:52'),
(563, 9, 24, 10, 2, 'A', 3, '2008-01-15 02:20:55'),
(564, 24, 24, 1, 2, 'C', 3, '2008-01-15 02:20:57'),
(565, 36, 24, 11, 2, 'A', 3, '2008-01-15 02:20:59'),
(566, 3, 24, 7, 2, 'A', 3, '2008-01-15 02:21:03'),
(567, 25, 24, 2, 2, 'A', 3, '2008-01-15 02:21:06'),
(568, 34, 24, 4, 2, 'A', 3, '2008-01-15 02:21:58'),
(569, 28, 24, 11, 3, '', 2, '2008-01-15 04:23:19'),
(570, 32, 24, 3, 3, '', 2, '2008-01-15 04:23:17'),
(571, 78, 24, 3, 3, '', 2, '2008-01-15 04:23:14'),
(572, 26, 24, 5, 3, '', 2, '2008-01-15 04:23:11'),
(573, 29, 24, 9, 3, '', 2, '2008-01-15 04:23:08'),
(574, 76, 24, 5, 3, '', 2, '2008-01-15 04:23:05'),
(575, 59, 24, 11, 3, '', 2, '2008-01-15 04:23:03'),
(576, 8, 24, 12, 3, '', 2, '2008-01-15 04:23:01'),
(577, 22, 25, 11, 1, 'A', 3, '2008-01-15 02:12:04'),
(578, 11, 25, 16, 1, 'A', 3, '2008-01-15 02:12:06'),
(579, 21, 25, 7, 1, 'A', 3, '2008-01-15 02:12:10'),
(580, 23, 25, 13, 1, 'B', 3, '2008-01-15 02:12:13'),
(581, 18, 25, 4, 1, 'B', 3, '2008-01-15 02:12:15'),
(582, 19, 25, 16, 1, 'B', 3, '2008-01-15 02:12:18'),
(583, 20, 25, 10, 1, 'C', 3, '2008-01-15 02:12:22'),
(584, 27, 25, 1, 1, 'B', 3, '2008-01-15 02:12:25'),
(585, 37, 25, 5, 2, 'A', 3, '2008-01-15 02:20:50'),
(586, 31, 25, 10, 2, 'B', 3, '2008-01-15 02:20:52'),
(587, 9, 25, 10, 2, 'A', 3, '2008-01-15 02:20:55'),
(588, 24, 25, 1, 2, 'C', 3, '2008-01-15 02:20:57'),
(589, 36, 25, 11, 2, 'A', 3, '2008-01-15 02:20:59'),
(590, 3, 25, 7, 2, 'A', 3, '2008-01-15 02:21:03'),
(591, 25, 25, 2, 2, 'A', 3, '2008-01-15 02:21:06'),
(592, 34, 25, 4, 2, 'A', 3, '2008-01-15 02:21:58'),
(593, 28, 25, 11, 3, '', 2, '2008-01-15 04:23:19'),
(594, 32, 25, 3, 3, '', 2, '2008-01-15 04:23:17'),
(595, 78, 25, 3, 3, '', 2, '2008-01-15 04:23:14'),
(596, 26, 25, 5, 3, '', 2, '2008-01-15 04:23:11'),
(597, 29, 25, 9, 3, '', 2, '2008-01-15 04:23:08'),
(598, 76, 25, 5, 3, '', 2, '2008-01-15 04:23:05'),
(599, 59, 25, 11, 3, '', 2, '2008-01-15 04:23:03'),
(600, 8, 25, 12, 3, '', 2, '2008-01-15 04:23:01'),
(601, 22, 26, 11, 1, 'A', 3, '2008-01-15 02:12:04'),
(602, 11, 26, 16, 1, 'A', 3, '2008-01-15 02:12:06'),
(603, 21, 26, 7, 1, 'A', 3, '2008-01-15 02:12:10'),
(604, 23, 26, 13, 1, 'B', 3, '2008-01-15 02:12:13'),
(605, 18, 26, 4, 1, 'B', 3, '2008-01-15 02:12:15'),
(606, 19, 26, 16, 1, 'B', 3, '2008-01-15 02:12:18'),
(607, 20, 26, 10, 1, 'C', 3, '2008-01-15 02:12:22'),
(608, 27, 26, 1, 1, 'B', 3, '2008-01-15 02:12:25'),
(609, 37, 26, 5, 2, 'A', 3, '2008-01-15 02:20:50'),
(610, 31, 26, 10, 2, 'B', 3, '2008-01-15 02:20:52'),
(611, 9, 26, 10, 2, 'A', 3, '2008-01-15 02:20:55'),
(612, 24, 26, 1, 2, 'C', 3, '2008-01-15 02:20:57'),
(613, 36, 26, 11, 2, 'A', 3, '2008-01-15 02:20:59'),
(614, 3, 26, 7, 2, 'A', 3, '2008-01-15 02:21:03'),
(615, 25, 26, 2, 2, 'A', 3, '2008-01-15 02:21:06'),
(616, 34, 26, 4, 2, 'A', 3, '2008-01-15 02:21:58'),
(617, 28, 26, 11, 3, '', 2, '2008-01-15 04:23:19'),
(618, 32, 26, 3, 3, '', 2, '2008-01-15 04:23:17'),
(619, 78, 26, 3, 3, '', 2, '2008-01-15 04:23:14'),
(620, 26, 26, 5, 3, '', 2, '2008-01-15 04:23:11'),
(621, 29, 26, 9, 3, '', 2, '2008-01-15 04:23:08'),
(622, 76, 26, 5, 3, '', 2, '2008-01-15 04:23:05'),
(623, 59, 26, 11, 3, '', 2, '2008-01-15 04:23:03'),
(624, 8, 26, 12, 3, '', 2, '2008-01-15 04:23:01'),
(625, 22, 27, 11, 1, 'A', 3, '2008-01-15 02:12:04'),
(626, 11, 27, 16, 1, 'A', 3, '2008-01-15 02:12:06'),
(627, 21, 27, 7, 1, 'A', 3, '2008-01-15 02:12:10'),
(628, 23, 27, 13, 1, 'B', 3, '2008-01-15 02:12:13'),
(629, 18, 27, 4, 1, 'B', 3, '2008-01-15 02:12:15'),
(630, 19, 27, 16, 1, 'B', 3, '2008-01-15 02:12:18'),
(631, 20, 27, 10, 1, 'C', 3, '2008-01-15 02:12:22'),
(632, 27, 27, 1, 1, 'B', 3, '2008-01-15 02:12:25'),
(633, 37, 27, 5, 2, 'A', 3, '2008-01-15 02:20:50'),
(634, 31, 27, 10, 2, 'B', 3, '2008-01-15 02:20:52'),
(635, 9, 27, 10, 2, 'A', 3, '2008-01-15 02:20:55'),
(636, 24, 27, 1, 2, 'C', 3, '2008-01-15 02:20:57'),
(637, 36, 27, 11, 2, 'A', 3, '2008-01-15 02:20:59'),
(638, 3, 27, 7, 2, 'A', 3, '2008-01-15 02:21:03'),
(639, 25, 27, 2, 2, 'A', 3, '2008-01-15 02:21:06'),
(640, 34, 27, 4, 2, 'A', 3, '2008-01-15 02:21:58'),
(641, 28, 27, 11, 3, '', 2, '2008-01-15 04:23:19'),
(642, 32, 27, 3, 3, '', 2, '2008-01-15 04:23:17'),
(643, 78, 27, 3, 3, '', 2, '2008-01-15 04:23:14'),
(644, 26, 27, 5, 3, '', 2, '2008-01-15 04:23:11'),
(645, 29, 27, 9, 3, '', 2, '2008-01-15 04:23:08'),
(646, 76, 27, 5, 3, '', 2, '2008-01-15 04:23:05'),
(647, 59, 27, 11, 3, '', 2, '2008-01-15 04:23:03'),
(648, 8, 27, 12, 3, '', 2, '2008-01-15 04:23:01'),
(649, 22, 28, 11, 1, 'A', 3, '2008-01-15 02:12:04'),
(650, 11, 28, 16, 1, 'A', 3, '2008-01-15 02:12:06'),
(651, 21, 28, 7, 1, 'A', 3, '2008-01-15 02:12:10'),
(652, 23, 28, 13, 1, 'B', 3, '2008-01-15 02:12:13'),
(653, 18, 28, 4, 1, 'B', 3, '2008-01-15 02:12:15'),
(654, 19, 28, 16, 1, 'B', 3, '2008-01-15 02:12:18'),
(655, 20, 28, 10, 1, 'C', 3, '2008-01-15 02:12:22'),
(656, 27, 28, 1, 1, 'B', 3, '2008-01-15 02:12:25'),
(657, 37, 28, 5, 2, 'A', 3, '2008-01-15 02:20:50'),
(658, 31, 28, 10, 2, 'B', 3, '2008-01-15 02:20:52'),
(659, 9, 28, 10, 2, 'A', 3, '2008-01-15 02:20:55'),
(660, 24, 28, 1, 2, 'C', 3, '2008-01-15 02:20:57'),
(661, 36, 28, 11, 2, 'A', 3, '2008-01-15 02:20:59'),
(662, 3, 28, 7, 2, 'A', 3, '2008-01-15 02:21:03'),
(663, 25, 28, 2, 2, 'A', 3, '2008-01-15 02:21:06'),
(664, 34, 28, 4, 2, 'A', 3, '2008-01-15 02:21:58'),
(665, 28, 28, 11, 3, '', 2, '2008-01-15 04:23:19'),
(666, 32, 28, 3, 3, '', 2, '2008-01-15 04:23:17'),
(667, 78, 28, 3, 3, '', 2, '2008-01-15 04:23:14'),
(668, 26, 28, 5, 3, '', 2, '2008-01-15 04:23:11'),
(669, 29, 28, 9, 3, '', 2, '2008-01-15 04:23:08'),
(670, 76, 28, 5, 3, '', 2, '2008-01-15 04:23:05'),
(671, 59, 28, 11, 3, '', 2, '2008-01-15 04:23:03'),
(672, 8, 28, 12, 3, '', 2, '2008-01-15 04:23:01'),
(673, 22, 29, 11, 1, 'A', 3, '2008-01-15 02:12:04'),
(674, 11, 29, 16, 1, 'A', 3, '2008-01-15 02:12:06'),
(675, 21, 29, 7, 1, 'A', 3, '2008-01-15 02:12:10'),
(676, 23, 29, 13, 1, 'B', 3, '2008-01-15 02:12:13'),
(677, 18, 29, 4, 1, 'B', 3, '2008-01-15 02:12:15'),
(678, 19, 29, 16, 1, 'B', 3, '2008-01-15 02:12:18'),
(679, 20, 29, 10, 1, 'C', 3, '2008-01-15 02:12:22'),
(680, 27, 29, 1, 1, 'B', 3, '2008-01-15 02:12:25'),
(681, 37, 29, 5, 2, 'A', 3, '2008-01-15 02:20:50'),
(682, 31, 29, 10, 2, 'B', 3, '2008-01-15 02:20:52'),
(683, 9, 29, 10, 2, 'A', 3, '2008-01-15 02:20:55'),
(684, 24, 29, 1, 2, 'C', 3, '2008-01-15 02:20:57'),
(685, 36, 29, 11, 2, 'A', 3, '2008-01-15 02:20:59'),
(686, 3, 29, 7, 2, 'A', 3, '2008-01-15 02:21:03'),
(687, 25, 29, 2, 2, 'A', 3, '2008-01-15 02:21:06'),
(688, 34, 29, 4, 2, 'A', 3, '2008-01-15 02:21:58'),
(689, 28, 29, 11, 3, '', 2, '2008-01-15 04:23:19'),
(690, 32, 29, 3, 3, '', 2, '2008-01-15 04:23:17'),
(691, 78, 29, 3, 3, '', 2, '2008-01-15 04:23:14'),
(692, 26, 29, 5, 3, '', 2, '2008-01-15 04:23:11'),
(693, 29, 29, 9, 3, '', 2, '2008-01-15 04:23:08'),
(694, 76, 29, 5, 3, '', 2, '2008-01-15 04:23:05'),
(695, 59, 29, 11, 3, '', 2, '2008-01-15 04:23:03'),
(696, 8, 29, 12, 3, '', 2, '2008-01-15 04:23:01'),
(697, 22, 30, 11, 1, 'A', 3, '2008-01-15 02:12:04'),
(698, 11, 30, 16, 1, 'A', 3, '2008-01-15 02:12:06'),
(699, 21, 30, 7, 1, 'A', 3, '2008-01-15 02:12:10'),
(700, 23, 30, 13, 1, 'B', 3, '2008-01-15 02:12:13'),
(701, 18, 30, 4, 1, 'B', 3, '2008-01-15 02:12:15'),
(702, 19, 30, 16, 1, 'B', 3, '2008-01-15 02:12:18'),
(703, 20, 30, 10, 1, 'C', 3, '2008-01-15 02:12:22'),
(704, 27, 30, 1, 1, 'B', 3, '2008-01-15 02:12:25'),
(705, 37, 30, 5, 2, 'A', 3, '2008-01-15 02:20:50'),
(706, 31, 30, 10, 2, 'B', 3, '2008-01-15 02:20:52'),
(707, 9, 30, 10, 2, 'A', 3, '2008-01-15 02:20:55'),
(708, 24, 30, 1, 2, 'C', 3, '2008-01-15 02:20:57'),
(709, 36, 30, 11, 2, 'A', 3, '2008-01-15 02:20:59'),
(710, 3, 30, 7, 2, 'A', 3, '2008-01-15 02:21:03'),
(711, 25, 30, 2, 2, 'A', 3, '2008-01-15 02:21:06'),
(712, 34, 30, 4, 2, 'A', 3, '2008-01-15 02:21:58'),
(713, 28, 30, 11, 3, '', 2, '2008-01-15 04:23:19'),
(714, 32, 30, 3, 3, '', 2, '2008-01-15 04:23:17'),
(715, 78, 30, 3, 3, '', 2, '2008-01-15 04:23:14'),
(716, 26, 30, 5, 3, '', 2, '2008-01-15 04:23:11'),
(717, 29, 30, 9, 3, '', 2, '2008-01-15 04:23:08'),
(718, 76, 30, 5, 3, '', 2, '2008-01-15 04:23:05'),
(719, 59, 30, 11, 3, '', 2, '2008-01-15 04:23:03'),
(720, 8, 30, 12, 3, '', 2, '2008-01-15 04:23:01'),
(721, 22, 31, 11, 1, 'A', 3, '2008-01-15 02:12:04'),
(722, 11, 31, 16, 1, 'A', 3, '2008-01-15 02:12:06'),
(723, 21, 31, 7, 1, 'A', 3, '2008-01-15 02:12:10'),
(724, 23, 31, 13, 1, 'B', 3, '2008-01-15 02:12:13'),
(725, 18, 31, 4, 1, 'B', 3, '2008-01-15 02:12:15'),
(726, 19, 31, 16, 1, 'B', 3, '2008-01-15 02:12:18'),
(727, 20, 31, 10, 1, 'C', 3, '2008-01-15 02:12:22'),
(728, 27, 31, 1, 1, 'B', 3, '2008-01-15 02:12:25'),
(729, 37, 31, 5, 2, 'A', 3, '2008-01-15 02:20:50'),
(730, 31, 31, 10, 2, 'B', 3, '2008-01-15 02:20:52'),
(731, 9, 31, 10, 2, 'A', 3, '2008-01-15 02:20:55'),
(732, 24, 31, 1, 2, 'C', 3, '2008-01-15 02:20:57'),
(733, 36, 31, 11, 2, 'A', 3, '2008-01-15 02:20:59'),
(734, 3, 31, 7, 2, 'A', 3, '2008-01-15 02:21:03'),
(735, 25, 31, 2, 2, 'A', 3, '2008-01-15 02:21:06'),
(736, 34, 31, 4, 2, 'A', 3, '2008-01-15 02:21:58'),
(737, 28, 31, 11, 3, '', 2, '2008-01-15 04:23:19'),
(738, 32, 31, 3, 3, '', 2, '2008-01-15 04:23:17'),
(739, 78, 31, 3, 3, '', 2, '2008-01-15 04:23:14'),
(740, 26, 31, 5, 3, '', 2, '2008-01-15 04:23:11'),
(741, 29, 31, 9, 3, '', 2, '2008-01-15 04:23:08'),
(742, 76, 31, 5, 3, '', 2, '2008-01-15 04:23:05'),
(743, 59, 31, 11, 3, '', 2, '2008-01-15 04:23:03'),
(744, 8, 31, 12, 3, '', 2, '2008-01-15 04:23:01'),
(745, 22, 32, 11, 1, 'A', 3, '2008-01-15 02:12:04'),
(746, 11, 32, 16, 1, 'A', 3, '2008-01-15 02:12:06'),
(747, 21, 32, 7, 1, 'A', 3, '2008-01-15 02:12:10'),
(748, 23, 32, 13, 1, 'B', 3, '2008-01-15 02:12:13'),
(749, 18, 32, 4, 1, 'B', 3, '2008-01-15 02:12:15'),
(750, 19, 32, 16, 1, 'B', 3, '2008-01-15 02:12:18'),
(751, 20, 32, 10, 1, 'C', 3, '2008-01-15 02:12:22'),
(752, 27, 32, 1, 1, 'B', 3, '2008-01-15 02:12:25'),
(753, 37, 32, 5, 2, 'A', 3, '2008-01-15 02:20:50'),
(754, 31, 32, 10, 2, 'B', 3, '2008-01-15 02:20:52'),
(755, 9, 32, 10, 2, 'A', 3, '2008-01-15 02:20:55'),
(756, 24, 32, 1, 2, 'C', 3, '2008-01-15 02:20:57'),
(757, 36, 32, 11, 2, 'A', 3, '2008-01-15 02:20:59'),
(758, 3, 32, 7, 2, 'A', 3, '2008-01-15 02:21:03'),
(759, 25, 32, 2, 2, 'A', 3, '2008-01-15 02:21:06'),
(760, 34, 32, 4, 2, 'A', 3, '2008-01-15 02:21:58'),
(761, 28, 32, 11, 3, '', 2, '2008-01-15 04:23:19'),
(762, 32, 32, 3, 3, '', 2, '2008-01-15 04:23:17'),
(763, 78, 32, 3, 3, '', 2, '2008-01-15 04:23:14'),
(764, 26, 32, 5, 3, '', 2, '2008-01-15 04:23:11'),
(765, 29, 32, 9, 3, '', 2, '2008-01-15 04:23:08'),
(766, 76, 32, 5, 3, '', 2, '2008-01-15 04:23:05'),
(767, 59, 32, 11, 3, '', 2, '2008-01-15 04:23:03'),
(768, 8, 32, 12, 3, '', 2, '2008-01-15 04:23:01'),
(769, 22, 33, 11, 1, 'A', 3, '2008-01-15 02:12:04'),
(770, 11, 33, 16, 1, 'A', 3, '2008-01-15 02:12:06'),
(771, 21, 33, 7, 1, 'A', 3, '2008-01-15 02:12:10'),
(772, 23, 33, 13, 1, 'B', 3, '2008-01-15 02:12:13'),
(773, 18, 33, 4, 1, 'B', 3, '2008-01-15 02:12:15'),
(774, 19, 33, 16, 1, 'B', 3, '2008-01-15 02:12:18'),
(775, 20, 33, 10, 1, 'C', 3, '2008-01-15 02:12:22'),
(776, 27, 33, 1, 1, 'B', 3, '2008-01-15 02:12:25'),
(777, 37, 33, 5, 2, 'A', 3, '2008-01-15 02:20:50'),
(778, 31, 33, 10, 2, 'B', 3, '2008-01-15 02:20:52'),
(779, 9, 33, 10, 2, 'A', 3, '2008-01-15 02:20:55'),
(780, 24, 33, 1, 2, 'C', 3, '2008-01-15 02:20:57'),
(781, 36, 33, 11, 2, 'A', 3, '2008-01-15 02:20:59'),
(782, 3, 33, 7, 2, 'A', 3, '2008-01-15 02:21:03'),
(783, 25, 33, 2, 2, 'A', 3, '2008-01-15 02:21:06'),
(784, 34, 33, 4, 2, 'A', 3, '2008-01-15 02:21:58'),
(785, 28, 33, 11, 3, '', 2, '2008-01-15 04:23:19'),
(786, 32, 33, 3, 3, '', 2, '2008-01-15 04:23:17'),
(787, 78, 33, 3, 3, '', 2, '2008-01-15 04:23:14'),
(788, 26, 33, 5, 3, '', 2, '2008-01-15 04:23:11'),
(789, 29, 33, 9, 3, '', 2, '2008-01-15 04:23:08'),
(790, 76, 33, 5, 3, '', 2, '2008-01-15 04:23:05'),
(791, 59, 33, 11, 3, '', 2, '2008-01-15 04:23:03'),
(792, 8, 33, 12, 3, '', 2, '2008-01-15 04:23:01'),
(793, 22, 34, 11, 1, 'A', 3, '2008-01-15 02:12:04'),
(794, 11, 34, 16, 1, 'A', 3, '2008-01-15 02:12:06'),
(795, 21, 34, 7, 1, 'A', 3, '2008-01-15 02:12:10'),
(796, 23, 34, 13, 1, 'B', 3, '2008-01-15 02:12:13'),
(797, 18, 34, 4, 1, 'B', 3, '2008-01-15 02:12:15'),
(798, 19, 34, 16, 1, 'B', 3, '2008-01-15 02:12:18'),
(799, 20, 34, 10, 1, 'C', 3, '2008-01-15 02:12:22'),
(800, 27, 34, 1, 1, 'B', 3, '2008-01-15 02:12:25'),
(801, 37, 34, 5, 2, 'A', 3, '2008-01-15 02:20:50'),
(802, 31, 34, 10, 2, 'B', 3, '2008-01-15 02:20:52'),
(803, 9, 34, 10, 2, 'A', 3, '2008-01-15 02:20:55'),
(804, 24, 34, 1, 2, 'C', 3, '2008-01-15 02:20:57'),
(805, 36, 34, 11, 2, 'A', 3, '2008-01-15 02:20:59'),
(806, 3, 34, 7, 2, 'A', 3, '2008-01-15 02:21:03'),
(807, 25, 34, 2, 2, 'A', 3, '2008-01-15 02:21:06'),
(808, 34, 34, 4, 2, 'A', 3, '2008-01-15 02:21:58'),
(809, 28, 34, 11, 3, '', 2, '2008-01-15 04:23:19'),
(810, 32, 34, 3, 3, '', 2, '2008-01-15 04:23:17'),
(811, 78, 34, 3, 3, '', 2, '2008-01-15 04:23:14'),
(812, 26, 34, 5, 3, '', 2, '2008-01-15 04:23:11'),
(813, 29, 34, 9, 3, '', 2, '2008-01-15 04:23:08'),
(814, 76, 34, 5, 3, '', 2, '2008-01-15 04:23:05'),
(815, 59, 34, 11, 3, '', 2, '2008-01-15 04:23:03'),
(816, 8, 34, 12, 3, '', 2, '2008-01-15 04:23:01'),
(817, 22, 35, 11, 1, 'A', 3, '2008-01-15 02:12:04'),
(818, 11, 35, 16, 1, 'A', 3, '2008-01-15 02:12:06'),
(819, 21, 35, 7, 1, 'A', 3, '2008-01-15 02:12:10'),
(820, 23, 35, 13, 1, 'B', 3, '2008-01-15 02:12:13'),
(821, 18, 35, 4, 1, 'B', 3, '2008-01-15 02:12:15'),
(822, 19, 35, 16, 1, 'B', 3, '2008-01-15 02:12:18'),
(823, 20, 35, 10, 1, 'C', 3, '2008-01-15 02:12:22'),
(824, 27, 35, 1, 1, 'B', 3, '2008-01-15 02:12:25'),
(825, 37, 35, 5, 2, 'A', 3, '2008-01-15 02:20:50'),
(826, 31, 35, 10, 2, 'B', 3, '2008-01-15 02:20:52'),
(827, 9, 35, 10, 2, 'A', 3, '2008-01-15 02:20:55'),
(828, 24, 35, 1, 2, 'C', 3, '2008-01-15 02:20:57'),
(829, 36, 35, 11, 2, 'A', 3, '2008-01-15 02:20:59'),
(830, 3, 35, 7, 2, 'A', 3, '2008-01-15 02:21:03'),
(831, 25, 35, 2, 2, 'A', 3, '2008-01-15 02:21:06'),
(832, 34, 35, 4, 2, 'A', 3, '2008-01-15 02:21:58'),
(833, 28, 35, 11, 3, '', 2, '2008-01-15 04:23:19'),
(834, 32, 35, 3, 3, '', 2, '2008-01-15 04:23:17'),
(835, 78, 35, 3, 3, '', 2, '2008-01-15 04:23:14'),
(836, 26, 35, 5, 3, '', 2, '2008-01-15 04:23:11'),
(837, 29, 35, 9, 3, '', 2, '2008-01-15 04:23:08'),
(838, 76, 35, 5, 3, '', 2, '2008-01-15 04:23:05'),
(839, 59, 35, 11, 3, '', 2, '2008-01-15 04:23:03'),
(840, 8, 35, 12, 3, '', 2, '2008-01-15 04:23:01'),
(841, 22, 36, 11, 1, 'A', 3, '2008-01-15 02:12:04'),
(842, 11, 36, 16, 1, 'A', 3, '2008-01-15 02:12:06'),
(843, 21, 36, 7, 1, 'A', 3, '2008-01-15 02:12:10'),
(844, 23, 36, 13, 1, 'B', 3, '2008-01-15 02:12:13'),
(845, 18, 36, 4, 1, 'B', 3, '2008-01-15 02:12:15'),
(846, 19, 36, 16, 1, 'B', 3, '2008-01-15 02:12:18'),
(847, 20, 36, 10, 1, 'C', 3, '2008-01-15 02:12:22'),
(848, 27, 36, 1, 1, 'B', 3, '2008-01-15 02:12:25'),
(849, 37, 36, 5, 2, 'A', 3, '2008-01-15 02:20:50'),
(850, 31, 36, 10, 2, 'B', 3, '2008-01-15 02:20:52'),
(851, 9, 36, 10, 2, 'A', 3, '2008-01-15 02:20:55'),
(852, 24, 36, 1, 2, 'C', 3, '2008-01-15 02:20:57'),
(853, 36, 36, 11, 2, 'A', 3, '2008-01-15 02:20:59'),
(854, 3, 36, 7, 2, 'A', 3, '2008-01-15 02:21:03'),
(855, 25, 36, 2, 2, 'A', 3, '2008-01-15 02:21:06'),
(856, 34, 36, 4, 2, 'A', 3, '2008-01-15 02:21:58'),
(857, 28, 36, 11, 3, '', 2, '2008-01-15 04:23:19'),
(858, 32, 36, 3, 3, '', 2, '2008-01-15 04:23:17'),
(859, 78, 36, 3, 3, '', 2, '2008-01-15 04:23:14'),
(860, 26, 36, 5, 3, '', 2, '2008-01-15 04:23:11'),
(861, 29, 36, 9, 3, '', 2, '2008-01-15 04:23:08'),
(862, 76, 36, 5, 3, '', 2, '2008-01-15 04:23:05'),
(863, 59, 36, 11, 3, '', 2, '2008-01-15 04:23:03'),
(864, 8, 36, 12, 3, '', 2, '2008-01-15 04:23:01'),
(865, 22, 37, 11, 1, 'A', 3, '2008-01-15 02:12:04'),
(866, 11, 37, 16, 1, 'A', 3, '2008-01-15 02:12:06'),
(867, 21, 37, 7, 1, 'A', 3, '2008-01-15 02:12:10'),
(868, 23, 37, 13, 1, 'B', 3, '2008-01-15 02:12:13'),
(869, 18, 37, 4, 1, 'B', 3, '2008-01-15 02:12:15'),
(870, 19, 37, 16, 1, 'B', 3, '2008-01-15 02:12:18'),
(871, 20, 37, 10, 1, 'C', 3, '2008-01-15 02:12:22'),
(872, 27, 37, 1, 1, 'B', 3, '2008-01-15 02:12:25'),
(873, 37, 37, 5, 2, 'A', 3, '2008-01-15 02:20:50'),
(874, 31, 37, 10, 2, 'B', 3, '2008-01-15 02:20:52'),
(875, 9, 37, 10, 2, 'A', 3, '2008-01-15 02:20:55'),
(876, 24, 37, 1, 2, 'C', 3, '2008-01-15 02:20:57'),
(877, 36, 37, 11, 2, 'A', 3, '2008-01-15 02:20:59'),
(878, 3, 37, 7, 2, 'A', 3, '2008-01-15 02:21:03'),
(879, 25, 37, 2, 2, 'A', 3, '2008-01-15 02:21:06'),
(880, 34, 37, 4, 2, 'A', 3, '2008-01-15 02:21:58'),
(881, 28, 37, 11, 3, '', 2, '2008-01-15 04:23:19'),
(882, 32, 37, 3, 3, '', 2, '2008-01-15 04:23:17'),
(883, 78, 37, 3, 3, '', 2, '2008-01-15 04:23:14'),
(884, 26, 37, 5, 3, '', 2, '2008-01-15 04:23:11'),
(885, 29, 37, 9, 3, '', 2, '2008-01-15 04:23:08'),
(886, 76, 37, 5, 3, '', 2, '2008-01-15 04:23:05'),
(887, 59, 37, 11, 3, '', 2, '2008-01-15 04:23:03'),
(888, 8, 37, 12, 3, '', 2, '2008-01-15 04:23:01'),
(913, 22, 39, 11, 1, 'A', 3, '2008-01-15 02:12:04'),
(914, 11, 39, 16, 1, 'A', 3, '2008-01-15 02:12:06'),
(915, 21, 39, 7, 1, 'A', 3, '2008-01-15 02:12:10'),
(916, 23, 39, 13, 1, 'B', 3, '2008-01-15 02:12:13'),
(917, 18, 39, 4, 1, 'B', 3, '2008-01-15 02:12:15'),
(918, 19, 39, 16, 1, 'B', 3, '2008-01-15 02:12:18'),
(919, 20, 39, 10, 1, 'C', 3, '2008-01-15 02:12:22'),
(920, 27, 39, 1, 1, 'B', 3, '2008-01-15 02:12:25'),
(921, 37, 39, 5, 2, 'A', 3, '2008-01-15 02:20:50'),
(922, 31, 39, 10, 2, 'B', 3, '2008-01-15 02:20:52'),
(923, 9, 39, 10, 2, 'A', 3, '2008-01-15 02:20:55'),
(924, 24, 39, 1, 2, 'C', 3, '2008-01-15 02:20:57'),
(925, 36, 39, 11, 2, 'A', 3, '2008-01-15 02:20:59'),
(926, 3, 39, 7, 2, 'A', 3, '2008-01-15 02:21:03'),
(927, 25, 39, 2, 2, 'A', 3, '2008-01-15 02:21:06'),
(928, 34, 39, 4, 2, 'A', 3, '2008-01-15 02:21:58'),
(929, 28, 39, 11, 3, '', 2, '2008-01-15 04:23:19'),
(930, 32, 39, 3, 3, '', 2, '2008-01-15 04:23:17'),
(931, 78, 39, 3, 3, '', 2, '2008-01-15 04:23:14'),
(932, 26, 39, 5, 3, '', 2, '2008-01-15 04:23:11'),
(933, 29, 39, 9, 3, '', 2, '2008-01-15 04:23:08'),
(934, 76, 39, 5, 3, '', 2, '2008-01-15 04:23:05'),
(935, 59, 39, 11, 3, '', 2, '2008-01-15 04:23:03'),
(936, 8, 39, 12, 3, '', 2, '2008-01-15 04:23:01'),
(937, 22, 40, 11, 1, 'A', 3, '2008-01-15 02:12:04'),
(938, 11, 40, 16, 1, 'A', 3, '2008-01-15 02:12:06'),
(939, 21, 40, 7, 1, 'A', 3, '2008-01-15 02:12:10'),
(940, 23, 40, 13, 1, 'B', 3, '2008-01-15 02:12:13'),
(941, 18, 40, 4, 1, 'B', 3, '2008-01-15 02:12:15'),
(942, 19, 40, 16, 1, 'B', 3, '2008-01-15 02:12:18'),
(943, 20, 40, 10, 1, 'C', 3, '2008-01-15 02:12:22'),
(944, 27, 40, 1, 1, 'B', 3, '2008-01-15 02:12:25'),
(945, 37, 40, 5, 2, 'A', 3, '2008-01-15 02:20:50'),
(946, 31, 40, 10, 2, 'B', 3, '2008-01-15 02:20:52'),
(947, 9, 40, 10, 2, 'A', 3, '2008-01-15 02:20:55'),
(948, 24, 40, 1, 2, 'C', 3, '2008-01-15 02:20:57'),
(949, 36, 40, 11, 2, 'A', 3, '2008-01-15 02:20:59'),
(950, 3, 40, 7, 2, 'A', 3, '2008-01-15 02:21:03'),
(951, 25, 40, 2, 2, 'A', 3, '2008-01-15 02:21:06'),
(952, 34, 40, 4, 2, 'A', 3, '2008-01-15 02:21:58'),
(953, 28, 40, 11, 3, '', 2, '2008-01-15 04:23:19'),
(954, 32, 40, 3, 3, '', 2, '2008-01-15 04:23:17'),
(955, 78, 40, 3, 3, '', 2, '2008-01-15 04:23:14'),
(956, 26, 40, 5, 3, '', 2, '2008-01-15 04:23:11'),
(957, 29, 40, 9, 3, '', 2, '2008-01-15 04:23:08'),
(958, 76, 40, 5, 3, '', 2, '2008-01-15 04:23:05'),
(959, 59, 40, 11, 3, '', 2, '2008-01-15 04:23:03'),
(960, 8, 40, 12, 3, '', 2, '2008-01-15 04:23:01'),
(961, 22, 41, 11, 1, 'A', 3, '2008-01-15 02:12:04'),
(962, 11, 41, 16, 1, 'A', 3, '2008-01-15 02:12:06'),
(963, 21, 41, 7, 1, 'A', 3, '2008-01-15 02:12:10'),
(964, 23, 41, 13, 1, 'B', 3, '2008-01-15 02:12:13'),
(965, 18, 41, 4, 1, 'B', 3, '2008-01-15 02:12:15'),
(966, 19, 41, 16, 1, 'B', 3, '2008-01-15 02:12:18'),
(967, 20, 41, 10, 1, 'C', 3, '2008-01-15 02:12:22'),
(968, 27, 41, 1, 1, 'B', 3, '2008-01-15 02:12:25'),
(969, 37, 41, 5, 2, 'A', 3, '2008-01-15 02:20:50'),
(970, 31, 41, 10, 2, 'B', 3, '2008-01-15 02:20:52'),
(971, 9, 41, 10, 2, 'A', 3, '2008-01-15 02:20:55'),
(972, 24, 41, 1, 2, 'C', 3, '2008-01-15 02:20:57'),
(973, 36, 41, 11, 2, 'A', 3, '2008-01-15 02:20:59'),
(974, 3, 41, 7, 2, 'A', 3, '2008-01-15 02:21:03'),
(975, 25, 41, 2, 2, 'A', 3, '2008-01-15 02:21:06'),
(976, 34, 41, 4, 2, 'A', 3, '2008-01-15 02:21:58'),
(977, 28, 41, 11, 3, '', 2, '2008-01-15 04:23:19'),
(978, 32, 41, 3, 3, '', 2, '2008-01-15 04:23:17'),
(979, 78, 41, 3, 3, '', 2, '2008-01-15 04:23:14'),
(980, 26, 41, 5, 3, '', 2, '2008-01-15 04:23:11'),
(981, 29, 41, 9, 3, '', 2, '2008-01-15 04:23:08'),
(982, 76, 41, 5, 3, '', 2, '2008-01-15 04:23:05'),
(983, 59, 41, 11, 3, '', 2, '2008-01-15 04:23:03'),
(984, 8, 41, 12, 3, '', 2, '2008-01-15 04:23:01'),
(985, 22, 42, 11, 1, 'A', 3, '2008-01-15 02:12:04'),
(986, 11, 42, 16, 1, 'A', 3, '2008-01-15 02:12:06'),
(987, 21, 42, 7, 1, 'A', 3, '2008-01-15 02:12:10'),
(988, 23, 42, 13, 1, 'B', 3, '2008-01-15 02:12:13'),
(989, 18, 42, 4, 1, 'B', 3, '2008-01-15 02:12:15'),
(990, 19, 42, 16, 1, 'B', 3, '2008-01-15 02:12:18'),
(991, 20, 42, 10, 1, 'C', 3, '2008-01-15 02:12:22'),
(992, 27, 42, 1, 1, 'B', 3, '2008-01-15 02:12:25'),
(993, 37, 42, 5, 2, 'A', 3, '2008-01-15 02:20:50'),
(994, 31, 42, 10, 2, 'B', 3, '2008-01-15 02:20:52'),
(995, 9, 42, 10, 2, 'A', 3, '2008-01-15 02:20:55'),
(996, 24, 42, 1, 2, 'C', 3, '2008-01-15 02:20:57'),
(997, 36, 42, 11, 2, 'A', 3, '2008-01-15 02:20:59'),
(998, 3, 42, 7, 2, 'A', 3, '2008-01-15 02:21:03'),
(999, 25, 42, 2, 2, 'A', 3, '2008-01-15 02:21:06'),
(1000, 34, 42, 4, 2, 'A', 3, '2008-01-15 02:21:58'),
(1001, 28, 42, 11, 3, '', 2, '2008-01-15 04:23:19'),
(1002, 32, 42, 3, 3, '', 2, '2008-01-15 04:23:17'),
(1003, 78, 42, 3, 3, '', 2, '2008-01-15 04:23:14'),
(1004, 26, 42, 5, 3, '', 2, '2008-01-15 04:23:11'),
(1005, 29, 42, 9, 3, '', 2, '2008-01-15 04:23:08'),
(1006, 76, 42, 5, 3, '', 2, '2008-01-15 04:23:05'),
(1007, 59, 42, 11, 3, '', 2, '2008-01-15 04:23:03'),
(1008, 8, 42, 12, 3, '', 2, '2008-01-15 04:23:01'),
(1009, 22, 43, 11, 1, 'A', 3, '2008-01-15 02:12:04'),
(1010, 11, 43, 16, 1, 'A', 3, '2008-01-15 02:12:06'),
(1011, 21, 43, 7, 1, 'A', 3, '2008-01-15 02:12:10'),
(1012, 23, 43, 13, 1, 'B', 3, '2008-01-15 02:12:13'),
(1013, 18, 43, 4, 1, 'B', 3, '2008-01-15 02:12:15'),
(1014, 19, 43, 16, 1, 'B', 3, '2008-01-15 02:12:18'),
(1015, 20, 43, 10, 1, 'C', 3, '2008-01-15 02:12:22'),
(1016, 27, 43, 1, 1, 'B', 3, '2008-01-15 02:12:25'),
(1017, 37, 43, 5, 2, 'A', 3, '2008-01-15 02:20:50'),
(1018, 31, 43, 10, 2, 'B', 3, '2008-01-15 02:20:52'),
(1019, 9, 43, 10, 2, 'A', 3, '2008-01-15 02:20:55'),
(1020, 24, 43, 1, 2, 'C', 3, '2008-01-15 02:20:57'),
(1021, 36, 43, 11, 2, 'A', 3, '2008-01-15 02:20:59'),
(1022, 3, 43, 7, 2, 'A', 3, '2008-01-15 02:21:03'),
(1023, 25, 43, 2, 2, 'A', 3, '2008-01-15 02:21:06'),
(1024, 34, 43, 4, 2, 'A', 3, '2008-01-15 02:21:58'),
(1025, 28, 43, 11, 3, '', 2, '2008-01-15 04:23:19'),
(1026, 32, 43, 3, 3, '', 2, '2008-01-15 04:23:17');
INSERT INTO `tbl_kontrak` (`kontrak_id`, `mk_id`, `mhs_id`, `dsn_id`, `kontrak_semester`, `kontrak_nilai`, `kontrak_status`, `kontrak_waktu`) VALUES
(1027, 78, 43, 3, 3, '', 2, '2008-01-15 04:23:14'),
(1028, 26, 43, 5, 3, '', 2, '2008-01-15 04:23:11'),
(1029, 29, 43, 9, 3, '', 2, '2008-01-15 04:23:08'),
(1030, 76, 43, 5, 3, '', 2, '2008-01-15 04:23:05'),
(1031, 59, 43, 11, 3, '', 2, '2008-01-15 04:23:03'),
(1032, 8, 43, 12, 3, '', 2, '2008-01-15 04:23:01'),
(1033, 22, 44, 11, 1, 'A', 3, '2008-01-15 02:12:04'),
(1034, 11, 44, 16, 1, 'A', 3, '2008-01-15 02:12:06'),
(1035, 21, 44, 7, 1, 'A', 3, '2008-01-15 02:12:10'),
(1036, 23, 44, 13, 1, 'B', 3, '2008-01-15 02:12:13'),
(1037, 18, 44, 4, 1, 'B', 3, '2008-01-15 02:12:15'),
(1038, 19, 44, 16, 1, 'B', 3, '2008-01-15 02:12:18'),
(1039, 20, 44, 10, 1, 'C', 3, '2008-01-15 02:12:22'),
(1040, 27, 44, 1, 1, 'B', 3, '2008-01-15 02:12:25'),
(1041, 37, 44, 5, 2, 'A', 3, '2008-01-15 02:20:50'),
(1042, 31, 44, 10, 2, 'B', 3, '2008-01-15 02:20:52'),
(1043, 9, 44, 10, 2, 'A', 3, '2008-01-15 02:20:55'),
(1044, 24, 44, 1, 2, 'C', 3, '2008-01-15 02:20:57'),
(1045, 36, 44, 11, 2, 'A', 3, '2008-01-15 02:20:59'),
(1046, 3, 44, 7, 2, 'A', 3, '2008-01-15 02:21:03'),
(1047, 25, 44, 2, 2, 'A', 3, '2008-01-15 02:21:06'),
(1048, 34, 44, 4, 2, 'A', 3, '2008-01-15 02:21:58'),
(1049, 28, 44, 11, 3, '', 2, '2008-01-15 04:23:19'),
(1050, 32, 44, 3, 3, '', 2, '2008-01-15 04:23:17'),
(1051, 78, 44, 3, 3, '', 2, '2008-01-15 04:23:14'),
(1052, 26, 44, 5, 3, '', 2, '2008-01-15 04:23:11'),
(1053, 29, 44, 9, 3, '', 2, '2008-01-15 04:23:08'),
(1054, 76, 44, 5, 3, '', 2, '2008-01-15 04:23:05'),
(1055, 59, 44, 11, 3, '', 2, '2008-01-15 04:23:03'),
(1056, 8, 44, 12, 3, '', 2, '2008-01-15 04:23:01'),
(1057, 22, 45, 11, 1, 'A', 3, '2008-01-15 02:12:04'),
(1058, 11, 45, 16, 1, 'A', 3, '2008-01-15 02:12:06'),
(1059, 21, 45, 7, 1, 'A', 3, '2008-01-15 02:12:10'),
(1060, 23, 45, 13, 1, 'B', 3, '2008-01-15 02:12:13'),
(1061, 18, 45, 4, 1, 'B', 3, '2008-01-15 02:12:15'),
(1062, 19, 45, 16, 1, 'B', 3, '2008-01-15 02:12:18'),
(1063, 20, 45, 10, 1, 'C', 3, '2008-01-15 02:12:22'),
(1064, 27, 45, 1, 1, 'B', 3, '2008-01-15 02:12:25'),
(1065, 37, 45, 5, 2, 'A', 3, '2008-01-15 02:20:50'),
(1066, 31, 45, 10, 2, 'B', 3, '2008-01-15 02:20:52'),
(1067, 9, 45, 10, 2, 'A', 3, '2008-01-15 02:20:55'),
(1068, 24, 45, 1, 2, 'C', 3, '2008-01-15 02:20:57'),
(1069, 36, 45, 11, 2, 'A', 3, '2008-01-15 02:20:59'),
(1070, 3, 45, 7, 2, 'A', 3, '2008-01-15 02:21:03'),
(1071, 25, 45, 2, 2, 'A', 3, '2008-01-15 02:21:06'),
(1072, 34, 45, 4, 2, 'A', 3, '2008-01-15 02:21:58'),
(1073, 28, 45, 11, 3, '', 2, '2008-01-15 04:23:19'),
(1074, 32, 45, 3, 3, '', 2, '2008-01-15 04:23:17'),
(1075, 78, 45, 3, 3, '', 2, '2008-01-15 04:23:14'),
(1076, 26, 45, 5, 3, '', 2, '2008-01-15 04:23:11'),
(1077, 29, 45, 9, 3, '', 2, '2008-01-15 04:23:08'),
(1078, 76, 45, 5, 3, '', 2, '2008-01-15 04:23:05'),
(1079, 59, 45, 11, 3, '', 2, '2008-01-15 04:23:03'),
(1080, 8, 45, 12, 3, '', 2, '2008-01-15 04:23:01'),
(1081, 22, 46, 11, 1, 'A', 3, '2008-01-15 02:12:04'),
(1082, 11, 46, 16, 1, 'A', 3, '2008-01-15 02:12:06'),
(1083, 21, 46, 7, 1, 'A', 3, '2008-01-15 02:12:10'),
(1084, 23, 46, 13, 1, 'B', 3, '2008-01-15 02:12:13'),
(1085, 18, 46, 4, 1, 'B', 3, '2008-01-15 02:12:15'),
(1086, 19, 46, 16, 1, 'B', 3, '2008-01-15 02:12:18'),
(1087, 20, 46, 10, 1, 'C', 3, '2008-01-15 02:12:22'),
(1088, 27, 46, 1, 1, 'B', 3, '2008-01-15 02:12:25'),
(1089, 37, 46, 5, 2, 'A', 3, '2008-01-15 02:20:50'),
(1090, 31, 46, 10, 2, 'B', 3, '2008-01-15 02:20:52'),
(1091, 9, 46, 10, 2, 'A', 3, '2008-01-15 02:20:55'),
(1092, 24, 46, 1, 2, 'C', 3, '2008-01-15 02:20:57'),
(1093, 36, 46, 11, 2, 'A', 3, '2008-01-15 02:20:59'),
(1094, 3, 46, 7, 2, 'A', 3, '2008-01-15 02:21:03'),
(1095, 25, 46, 2, 2, 'A', 3, '2008-01-15 02:21:06'),
(1096, 34, 46, 4, 2, 'A', 3, '2008-01-15 02:21:58'),
(1097, 28, 46, 11, 3, '', 2, '2008-01-15 04:23:19'),
(1098, 32, 46, 3, 3, '', 2, '2008-01-15 04:23:17'),
(1099, 78, 46, 3, 3, '', 2, '2008-01-15 04:23:14'),
(1100, 26, 46, 5, 3, '', 2, '2008-01-15 04:23:11'),
(1101, 29, 46, 9, 3, '', 2, '2008-01-15 04:23:08'),
(1102, 76, 46, 5, 3, '', 2, '2008-01-15 04:23:05'),
(1103, 59, 46, 11, 3, '', 2, '2008-01-15 04:23:03'),
(1104, 8, 46, 12, 3, '', 2, '2008-01-15 04:23:01'),
(1105, 22, 47, 11, 1, 'A', 3, '2008-01-15 02:12:04'),
(1106, 11, 47, 16, 1, 'A', 3, '2008-01-15 02:12:06'),
(1107, 21, 47, 7, 1, 'A', 3, '2008-01-15 02:12:10'),
(1108, 23, 47, 13, 1, 'B', 3, '2008-01-15 02:12:13'),
(1109, 18, 47, 4, 1, 'B', 3, '2008-01-15 02:12:15'),
(1110, 19, 47, 16, 1, 'B', 3, '2008-01-15 02:12:18'),
(1111, 20, 47, 10, 1, 'C', 3, '2008-01-15 02:12:22'),
(1112, 27, 47, 1, 1, 'B', 3, '2008-01-15 02:12:25'),
(1113, 37, 47, 5, 2, 'A', 3, '2008-01-15 02:20:50'),
(1114, 31, 47, 10, 2, 'B', 3, '2008-01-15 02:20:52'),
(1115, 9, 47, 10, 2, 'A', 3, '2008-01-15 02:20:55'),
(1116, 24, 47, 1, 2, 'C', 3, '2008-01-15 02:20:57'),
(1117, 36, 47, 11, 2, 'A', 3, '2008-01-15 02:20:59'),
(1118, 3, 47, 7, 2, 'A', 3, '2008-01-15 02:21:03'),
(1119, 25, 47, 2, 2, 'A', 3, '2008-01-15 02:21:06'),
(1120, 34, 47, 4, 2, 'A', 3, '2008-01-15 02:21:58'),
(1121, 28, 47, 11, 3, '', 2, '2008-01-15 04:23:19'),
(1122, 32, 47, 3, 3, '', 2, '2008-01-15 04:23:17'),
(1123, 78, 47, 3, 3, '', 2, '2008-01-15 04:23:14'),
(1124, 26, 47, 5, 3, '', 2, '2008-01-15 04:23:11'),
(1125, 29, 47, 9, 3, '', 2, '2008-01-15 04:23:08'),
(1126, 76, 47, 5, 3, '', 2, '2008-01-15 04:23:05'),
(1127, 59, 47, 11, 3, '', 2, '2008-01-15 04:23:03'),
(1128, 8, 47, 12, 3, '', 2, '2008-01-15 04:23:01'),
(1129, 22, 48, 11, 1, 'A', 3, '2008-01-15 02:12:04'),
(1130, 11, 48, 16, 1, 'A', 3, '2008-01-15 02:12:06'),
(1131, 21, 48, 7, 1, 'A', 3, '2008-01-15 02:12:10'),
(1132, 23, 48, 13, 1, 'B', 3, '2008-01-15 02:12:13'),
(1133, 18, 48, 4, 1, 'B', 3, '2008-01-15 02:12:15'),
(1134, 19, 48, 16, 1, 'B', 3, '2008-01-15 02:12:18'),
(1135, 20, 48, 10, 1, 'C', 3, '2008-01-15 02:12:22'),
(1136, 27, 48, 1, 1, 'B', 3, '2008-01-15 02:12:25'),
(1137, 37, 48, 5, 2, 'A', 3, '2008-01-15 02:20:50'),
(1138, 31, 48, 10, 2, 'B', 3, '2008-01-15 02:20:52'),
(1139, 9, 48, 10, 2, 'A', 3, '2008-01-15 02:20:55'),
(1140, 24, 48, 1, 2, 'C', 3, '2008-01-15 02:20:57'),
(1141, 36, 48, 11, 2, 'A', 3, '2008-01-15 02:20:59'),
(1142, 3, 48, 7, 2, 'A', 3, '2008-01-15 02:21:03'),
(1143, 25, 48, 2, 2, 'A', 3, '2008-01-15 02:21:06'),
(1144, 34, 48, 4, 2, 'A', 3, '2008-01-15 02:21:58'),
(1145, 28, 48, 11, 3, '', 2, '2008-01-15 04:23:19'),
(1146, 32, 48, 3, 3, '', 2, '2008-01-15 04:23:17'),
(1147, 78, 48, 3, 3, '', 2, '2008-01-15 04:23:14'),
(1148, 26, 48, 5, 3, '', 2, '2008-01-15 04:23:11'),
(1149, 29, 48, 9, 3, '', 2, '2008-01-15 04:23:08'),
(1150, 76, 48, 5, 3, '', 2, '2008-01-15 04:23:05'),
(1151, 59, 48, 11, 3, '', 2, '2008-01-15 04:23:03'),
(1152, 8, 48, 12, 3, '', 2, '2008-01-15 04:23:01'),
(1153, 22, 49, 11, 1, 'A', 3, '2008-01-15 02:12:04'),
(1154, 11, 49, 16, 1, 'A', 3, '2008-01-15 02:12:06'),
(1155, 21, 49, 7, 1, 'A', 3, '2008-01-15 02:12:10'),
(1156, 23, 49, 13, 1, 'B', 3, '2008-01-15 02:12:13'),
(1157, 18, 49, 4, 1, 'B', 3, '2008-01-15 02:12:15'),
(1158, 19, 49, 16, 1, 'B', 3, '2008-01-15 02:12:18'),
(1159, 20, 49, 10, 1, 'C', 3, '2008-01-15 02:12:22'),
(1160, 27, 49, 1, 1, 'B', 3, '2008-01-15 02:12:25'),
(1161, 37, 49, 5, 2, 'A', 3, '2008-01-15 02:20:50'),
(1162, 31, 49, 10, 2, 'B', 3, '2008-01-15 02:20:52'),
(1163, 9, 49, 10, 2, 'A', 3, '2008-01-15 02:20:55'),
(1164, 24, 49, 1, 2, 'C', 3, '2008-01-15 02:20:57'),
(1165, 36, 49, 11, 2, 'A', 3, '2008-01-15 02:20:59'),
(1166, 3, 49, 7, 2, 'A', 3, '2008-01-15 02:21:03'),
(1167, 25, 49, 2, 2, 'A', 3, '2008-01-15 02:21:06'),
(1168, 34, 49, 4, 2, 'A', 3, '2008-01-15 02:21:58'),
(1169, 28, 49, 11, 3, '', 2, '2008-01-15 04:23:19'),
(1170, 32, 49, 3, 3, '', 2, '2008-01-15 04:23:17'),
(1171, 78, 49, 3, 3, '', 2, '2008-01-15 04:23:14'),
(1172, 26, 49, 5, 3, '', 2, '2008-01-15 04:23:11'),
(1173, 29, 49, 9, 3, '', 2, '2008-01-15 04:23:08'),
(1174, 76, 49, 5, 3, '', 2, '2008-01-15 04:23:05'),
(1175, 59, 49, 11, 3, '', 2, '2008-01-15 04:23:03'),
(1176, 8, 49, 12, 3, '', 2, '2008-01-15 04:23:01'),
(1177, 22, 50, 11, 1, 'A', 3, '2008-01-15 02:12:04'),
(1178, 11, 50, 16, 1, 'A', 3, '2008-01-15 02:12:06'),
(1179, 21, 50, 7, 1, 'A', 3, '2008-01-15 02:12:10'),
(1180, 23, 50, 13, 1, 'B', 3, '2008-01-15 02:12:13'),
(1181, 18, 50, 4, 1, 'B', 3, '2008-01-15 02:12:15'),
(1182, 19, 50, 16, 1, 'B', 3, '2008-01-15 02:12:18'),
(1183, 20, 50, 10, 1, 'C', 3, '2008-01-15 02:12:22'),
(1184, 27, 50, 1, 1, 'B', 3, '2008-01-15 02:12:25'),
(1185, 37, 50, 5, 2, 'A', 3, '2008-01-15 02:20:50'),
(1186, 31, 50, 10, 2, 'B', 3, '2008-01-15 02:20:52'),
(1187, 9, 50, 10, 2, 'A', 3, '2008-01-15 02:20:55'),
(1188, 24, 50, 1, 2, 'C', 3, '2008-01-15 02:20:57'),
(1189, 36, 50, 11, 2, 'A', 3, '2008-01-15 02:20:59'),
(1190, 3, 50, 7, 2, 'A', 3, '2008-01-15 02:21:03'),
(1191, 25, 50, 2, 2, 'A', 3, '2008-01-15 02:21:06'),
(1192, 34, 50, 4, 2, 'A', 3, '2008-01-15 02:21:58'),
(1193, 28, 50, 11, 3, '', 2, '2008-01-15 04:23:19'),
(1194, 32, 50, 3, 3, '', 2, '2008-01-15 04:23:17'),
(1195, 78, 50, 3, 3, '', 2, '2008-01-15 04:23:14'),
(1196, 26, 50, 5, 3, '', 2, '2008-01-15 04:23:11'),
(1197, 29, 50, 9, 3, '', 2, '2008-01-15 04:23:08'),
(1198, 76, 50, 5, 3, '', 2, '2008-01-15 04:23:05'),
(1199, 59, 50, 11, 3, '', 2, '2008-01-15 04:23:03'),
(1200, 8, 50, 12, 3, '', 2, '2008-01-15 04:23:01'),
(1201, 22, 51, 11, 1, 'A', 3, '2008-01-15 02:12:04'),
(1202, 11, 51, 16, 1, 'A', 3, '2008-01-15 02:12:06'),
(1203, 21, 51, 7, 1, 'A', 3, '2008-01-15 02:12:10'),
(1204, 23, 51, 13, 1, 'B', 3, '2008-01-15 02:12:13'),
(1205, 18, 51, 4, 1, 'B', 3, '2008-01-15 02:12:15'),
(1206, 19, 51, 16, 1, 'B', 3, '2008-01-15 02:12:18'),
(1207, 20, 51, 10, 1, 'C', 3, '2008-01-15 02:12:22'),
(1208, 27, 51, 1, 1, 'B', 3, '2008-01-15 02:12:25'),
(1209, 37, 51, 5, 2, 'A', 3, '2008-01-15 02:20:50'),
(1210, 31, 51, 10, 2, 'B', 3, '2008-01-15 02:20:52'),
(1211, 9, 51, 10, 2, 'A', 3, '2008-01-15 02:20:55'),
(1212, 24, 51, 1, 2, 'C', 3, '2008-01-15 02:20:57'),
(1213, 36, 51, 11, 2, 'A', 3, '2008-01-15 02:20:59'),
(1214, 3, 51, 7, 2, 'A', 3, '2008-01-15 02:21:03'),
(1215, 25, 51, 2, 2, 'A', 3, '2008-01-15 02:21:06'),
(1216, 34, 51, 4, 2, 'A', 3, '2008-01-15 02:21:58'),
(1217, 28, 51, 11, 3, '', 2, '2008-01-15 04:23:19'),
(1218, 32, 51, 3, 3, '', 2, '2008-01-15 04:23:17'),
(1219, 78, 51, 3, 3, '', 2, '2008-01-15 04:23:14'),
(1220, 26, 51, 5, 3, '', 2, '2008-01-15 04:23:11'),
(1221, 29, 51, 9, 3, '', 2, '2008-01-15 04:23:08'),
(1222, 76, 51, 5, 3, '', 2, '2008-01-15 04:23:05'),
(1223, 59, 51, 11, 3, '', 2, '2008-01-15 04:23:03'),
(1224, 8, 51, 12, 3, '', 2, '2008-01-15 04:23:01'),
(1225, 22, 52, 11, 1, 'A', 3, '2008-01-15 02:12:04'),
(1226, 11, 52, 16, 1, 'A', 3, '2008-01-15 02:12:06'),
(1227, 21, 52, 7, 1, 'A', 3, '2008-01-15 02:12:10'),
(1228, 23, 52, 13, 1, 'B', 3, '2008-01-15 02:12:13'),
(1229, 18, 52, 4, 1, 'B', 3, '2008-01-15 02:12:15'),
(1230, 19, 52, 16, 1, 'B', 3, '2008-01-15 02:12:18'),
(1231, 20, 52, 10, 1, 'C', 3, '2008-01-15 02:12:22'),
(1232, 27, 52, 1, 1, 'B', 3, '2008-01-15 02:12:25'),
(1233, 37, 52, 5, 2, 'A', 3, '2008-01-15 02:20:50'),
(1234, 31, 52, 10, 2, 'B', 3, '2008-01-15 02:20:52'),
(1235, 9, 52, 10, 2, 'A', 3, '2008-01-15 02:20:55'),
(1236, 24, 52, 1, 2, 'C', 3, '2008-01-15 02:20:57'),
(1237, 36, 52, 11, 2, 'A', 3, '2008-01-15 02:20:59'),
(1238, 3, 52, 7, 2, 'A', 3, '2008-01-15 02:21:03'),
(1239, 25, 52, 2, 2, 'A', 3, '2008-01-15 02:21:06'),
(1240, 34, 52, 4, 2, 'A', 3, '2008-01-15 02:21:58'),
(1241, 28, 52, 11, 3, '', 2, '2008-01-15 04:23:19'),
(1242, 32, 52, 3, 3, '', 2, '2008-01-15 04:23:17'),
(1243, 78, 52, 3, 3, '', 2, '2008-01-15 04:23:14'),
(1244, 26, 52, 5, 3, '', 2, '2008-01-15 04:23:11'),
(1245, 29, 52, 9, 3, '', 2, '2008-01-15 04:23:08'),
(1246, 76, 52, 5, 3, '', 2, '2008-01-15 04:23:05'),
(1247, 59, 52, 11, 3, '', 2, '2008-01-15 04:23:03'),
(1248, 8, 52, 12, 3, '', 2, '2008-01-15 04:23:01'),
(1249, 22, 53, 11, 1, 'A', 3, '2008-01-15 02:12:04'),
(1250, 11, 53, 16, 1, 'A', 3, '2008-01-15 02:12:06'),
(1251, 21, 53, 7, 1, 'A', 3, '2008-01-15 02:12:10'),
(1252, 23, 53, 13, 1, 'B', 3, '2008-01-15 02:12:13'),
(1253, 18, 53, 4, 1, 'B', 3, '2008-01-15 02:12:15'),
(1254, 19, 53, 16, 1, 'B', 3, '2008-01-15 02:12:18'),
(1255, 20, 53, 10, 1, 'C', 3, '2008-01-15 02:12:22'),
(1256, 27, 53, 1, 1, 'B', 3, '2008-01-15 02:12:25'),
(1257, 37, 53, 5, 2, 'A', 3, '2008-01-15 02:20:50'),
(1258, 31, 53, 10, 2, 'B', 3, '2008-01-15 02:20:52'),
(1259, 9, 53, 10, 2, 'A', 3, '2008-01-15 02:20:55'),
(1260, 24, 53, 1, 2, 'C', 3, '2008-01-15 02:20:57'),
(1261, 36, 53, 11, 2, 'A', 3, '2008-01-15 02:20:59'),
(1262, 3, 53, 7, 2, 'A', 3, '2008-01-15 02:21:03'),
(1263, 25, 53, 2, 2, 'A', 3, '2008-01-15 02:21:06'),
(1264, 34, 53, 4, 2, 'A', 3, '2008-01-15 02:21:58'),
(1265, 28, 53, 11, 3, '', 2, '2008-01-15 04:23:19'),
(1266, 32, 53, 3, 3, '', 2, '2008-01-15 04:23:17'),
(1267, 78, 53, 3, 3, '', 2, '2008-01-15 04:23:14'),
(1268, 26, 53, 5, 3, '', 2, '2008-01-15 04:23:11'),
(1269, 29, 53, 9, 3, '', 2, '2008-01-15 04:23:08'),
(1270, 76, 53, 5, 3, '', 2, '2008-01-15 04:23:05'),
(1271, 59, 53, 11, 3, '', 2, '2008-01-15 04:23:03'),
(1272, 8, 53, 12, 3, '', 2, '2008-01-15 04:23:01'),
(1273, 22, 54, 11, 1, 'A', 3, '2008-01-15 02:12:04'),
(1274, 11, 54, 16, 1, 'A', 3, '2008-01-15 02:12:06'),
(1275, 21, 54, 7, 1, 'A', 3, '2008-01-15 02:12:10'),
(1276, 23, 54, 13, 1, 'B', 3, '2008-01-15 02:12:13'),
(1277, 18, 54, 4, 1, 'B', 3, '2008-01-15 02:12:15'),
(1278, 19, 54, 16, 1, 'B', 3, '2008-01-15 02:12:18'),
(1279, 20, 54, 10, 1, 'C', 3, '2008-01-15 02:12:22'),
(1280, 27, 54, 1, 1, 'B', 3, '2008-01-15 02:12:25'),
(1281, 37, 54, 5, 2, 'A', 3, '2008-01-15 02:20:50'),
(1282, 31, 54, 10, 2, 'B', 3, '2008-01-15 02:20:52'),
(1283, 9, 54, 10, 2, 'A', 3, '2008-01-15 02:20:55'),
(1284, 24, 54, 1, 2, 'C', 3, '2008-01-15 02:20:57'),
(1285, 36, 54, 11, 2, 'A', 3, '2008-01-15 02:20:59'),
(1286, 3, 54, 7, 2, 'A', 3, '2008-01-15 02:21:03'),
(1287, 25, 54, 2, 2, 'A', 3, '2008-01-15 02:21:06'),
(1288, 34, 54, 4, 2, 'A', 3, '2008-01-15 02:21:58'),
(1289, 28, 54, 11, 3, '', 2, '2008-01-15 04:23:19'),
(1290, 32, 54, 3, 3, '', 2, '2008-01-15 04:23:17'),
(1291, 78, 54, 3, 3, '', 2, '2008-01-15 04:23:14'),
(1292, 26, 54, 5, 3, '', 2, '2008-01-15 04:23:11'),
(1293, 29, 54, 9, 3, '', 2, '2008-01-15 04:23:08'),
(1294, 76, 54, 5, 3, '', 2, '2008-01-15 04:23:05'),
(1295, 59, 54, 11, 3, '', 2, '2008-01-15 04:23:03'),
(1296, 8, 54, 12, 3, '', 2, '2008-01-15 04:23:01'),
(1297, 22, 55, 11, 1, 'A', 3, '2008-01-15 02:12:04'),
(1298, 11, 55, 16, 1, 'A', 3, '2008-01-15 02:12:06'),
(1299, 21, 55, 7, 1, 'A', 3, '2008-01-15 02:12:10'),
(1300, 23, 55, 13, 1, 'B', 3, '2008-01-15 02:12:13'),
(1301, 18, 55, 4, 1, 'B', 3, '2008-01-15 02:12:15'),
(1302, 19, 55, 16, 1, 'B', 3, '2008-01-15 02:12:18'),
(1303, 20, 55, 10, 1, 'C', 3, '2008-01-15 02:12:22'),
(1304, 27, 55, 1, 1, 'B', 3, '2008-01-15 02:12:25'),
(1305, 37, 55, 5, 2, 'A', 3, '2008-01-15 02:20:50'),
(1306, 31, 55, 10, 2, 'B', 3, '2008-01-15 02:20:52'),
(1307, 9, 55, 10, 2, 'A', 3, '2008-01-15 02:20:55'),
(1308, 24, 55, 1, 2, 'C', 3, '2008-01-15 02:20:57'),
(1309, 36, 55, 11, 2, 'A', 3, '2008-01-15 02:20:59'),
(1310, 3, 55, 7, 2, 'A', 3, '2008-01-15 02:21:03'),
(1311, 25, 55, 2, 2, 'A', 3, '2008-01-15 02:21:06'),
(1312, 34, 55, 4, 2, 'A', 3, '2008-01-15 02:21:58'),
(1313, 28, 55, 11, 3, '', 2, '2008-01-15 04:23:19'),
(1314, 32, 55, 3, 3, '', 2, '2008-01-15 04:23:17'),
(1315, 78, 55, 3, 3, '', 2, '2008-01-15 04:23:14'),
(1316, 26, 55, 5, 3, '', 2, '2008-01-15 04:23:11'),
(1317, 29, 55, 9, 3, '', 2, '2008-01-15 04:23:08'),
(1318, 76, 55, 5, 3, '', 2, '2008-01-15 04:23:05'),
(1319, 59, 55, 11, 3, '', 2, '2008-01-15 04:23:03'),
(1320, 8, 55, 12, 3, '', 2, '2008-01-15 04:23:01'),
(1321, 22, 56, 11, 1, 'A', 3, '2008-01-15 02:12:04'),
(1322, 11, 56, 16, 1, 'A', 3, '2008-01-15 02:12:06'),
(1323, 21, 56, 7, 1, 'A', 3, '2008-01-15 02:12:10'),
(1324, 23, 56, 13, 1, 'B', 3, '2008-01-15 02:12:13'),
(1325, 18, 56, 4, 1, 'B', 3, '2008-01-15 02:12:15'),
(1326, 19, 56, 16, 1, 'B', 3, '2008-01-15 02:12:18'),
(1327, 20, 56, 10, 1, 'C', 3, '2008-01-15 02:12:22'),
(1328, 27, 56, 1, 1, 'B', 3, '2008-01-15 02:12:25'),
(1329, 37, 56, 5, 2, 'A', 3, '2008-01-15 02:20:50'),
(1330, 31, 56, 10, 2, 'B', 3, '2008-01-15 02:20:52'),
(1331, 9, 56, 10, 2, 'A', 3, '2008-01-15 02:20:55'),
(1332, 24, 56, 1, 2, 'C', 3, '2008-01-15 02:20:57'),
(1333, 36, 56, 11, 2, 'A', 3, '2008-01-15 02:20:59'),
(1334, 3, 56, 7, 2, 'A', 3, '2008-01-15 02:21:03'),
(1335, 25, 56, 2, 2, 'A', 3, '2008-01-15 02:21:06'),
(1336, 34, 56, 4, 2, 'A', 3, '2008-01-15 02:21:58'),
(1337, 28, 56, 11, 3, '', 2, '2008-01-15 04:23:19'),
(1338, 32, 56, 3, 3, '', 2, '2008-01-15 04:23:17'),
(1339, 78, 56, 3, 3, '', 2, '2008-01-15 04:23:14'),
(1340, 26, 56, 5, 3, '', 2, '2008-01-15 04:23:11'),
(1341, 29, 56, 9, 3, '', 2, '2008-01-15 04:23:08'),
(1342, 76, 56, 5, 3, '', 2, '2008-01-15 04:23:05'),
(1343, 59, 56, 11, 3, '', 2, '2008-01-15 04:23:03'),
(1344, 8, 56, 12, 3, '', 2, '2008-01-15 04:23:01'),
(1345, 22, 57, 11, 1, 'A', 3, '2008-01-15 02:12:04'),
(1346, 11, 57, 16, 1, 'A', 3, '2008-01-15 02:12:06'),
(1347, 21, 57, 7, 1, 'A', 3, '2008-01-15 02:12:10'),
(1348, 23, 57, 13, 1, 'B', 3, '2008-01-15 02:12:13'),
(1349, 18, 57, 4, 1, 'B', 3, '2008-01-15 02:12:15'),
(1350, 19, 57, 16, 1, 'B', 3, '2008-01-15 02:12:18'),
(1351, 20, 57, 10, 1, 'C', 3, '2008-01-15 02:12:22'),
(1352, 27, 57, 1, 1, 'B', 3, '2008-01-15 02:12:25'),
(1353, 37, 57, 5, 2, 'A', 3, '2008-01-15 02:20:50'),
(1354, 31, 57, 10, 2, 'B', 3, '2008-01-15 02:20:52'),
(1355, 9, 57, 10, 2, 'A', 3, '2008-01-15 02:20:55'),
(1356, 24, 57, 1, 2, 'C', 3, '2008-01-15 02:20:57'),
(1357, 36, 57, 11, 2, 'A', 3, '2008-01-15 02:20:59'),
(1358, 3, 57, 7, 2, 'A', 3, '2008-01-15 02:21:03'),
(1359, 25, 57, 2, 2, 'A', 3, '2008-01-15 02:21:06'),
(1360, 34, 57, 4, 2, 'A', 3, '2008-01-15 02:21:58'),
(1361, 28, 57, 11, 3, '', 2, '2008-01-15 04:23:19'),
(1362, 32, 57, 3, 3, '', 2, '2008-01-15 04:23:17'),
(1363, 78, 57, 3, 3, '', 2, '2008-01-15 04:23:14'),
(1364, 26, 57, 5, 3, '', 2, '2008-01-15 04:23:11'),
(1365, 29, 57, 9, 3, '', 2, '2008-01-15 04:23:08'),
(1366, 76, 57, 5, 3, '', 2, '2008-01-15 04:23:05'),
(1367, 59, 57, 11, 3, '', 2, '2008-01-15 04:23:03'),
(1368, 8, 57, 12, 3, '', 2, '2008-01-15 04:23:01'),
(1369, 22, 58, 11, 1, 'A', 3, '2008-01-15 02:12:04'),
(1370, 11, 58, 16, 1, 'A', 3, '2008-01-15 02:12:06'),
(1371, 21, 58, 7, 1, 'A', 3, '2008-01-15 02:12:10'),
(1372, 23, 58, 13, 1, 'B', 3, '2008-01-15 02:12:13'),
(1373, 18, 58, 4, 1, 'B', 3, '2008-01-15 02:12:15'),
(1374, 19, 58, 16, 1, 'B', 3, '2008-01-15 02:12:18'),
(1375, 20, 58, 10, 1, 'C', 3, '2008-01-15 02:12:22'),
(1376, 27, 58, 1, 1, 'B', 3, '2008-01-15 02:12:25'),
(1377, 37, 58, 5, 2, 'A', 3, '2008-01-15 02:20:50'),
(1378, 31, 58, 10, 2, 'B', 3, '2008-01-15 02:20:52'),
(1379, 9, 58, 10, 2, 'A', 3, '2008-01-15 02:20:55'),
(1380, 24, 58, 1, 2, 'C', 3, '2008-01-15 02:20:57'),
(1381, 36, 58, 11, 2, 'A', 3, '2008-01-15 02:20:59'),
(1382, 3, 58, 7, 2, 'A', 3, '2008-01-15 02:21:03'),
(1383, 25, 58, 2, 2, 'A', 3, '2008-01-15 02:21:06'),
(1384, 34, 58, 4, 2, 'A', 3, '2008-01-15 02:21:58'),
(1385, 28, 58, 11, 3, '', 2, '2008-01-15 04:23:19'),
(1386, 32, 58, 3, 3, '', 2, '2008-01-15 04:23:17'),
(1387, 78, 58, 3, 3, '', 2, '2008-01-15 04:23:14'),
(1388, 26, 58, 5, 3, '', 2, '2008-01-15 04:23:11'),
(1389, 29, 58, 9, 3, '', 2, '2008-01-15 04:23:08'),
(1390, 76, 58, 5, 3, '', 2, '2008-01-15 04:23:05'),
(1391, 59, 58, 11, 3, '', 2, '2008-01-15 04:23:03'),
(1392, 8, 58, 12, 3, '', 2, '2008-01-15 04:23:01'),
(1393, 22, 59, 11, 1, 'A', 3, '2008-01-15 02:12:04'),
(1394, 11, 59, 16, 1, 'A', 3, '2008-01-15 02:12:06'),
(1395, 21, 59, 7, 1, 'A', 3, '2008-01-15 02:12:10'),
(1396, 23, 59, 13, 1, 'B', 3, '2008-01-15 02:12:13'),
(1397, 18, 59, 4, 1, 'B', 3, '2008-01-15 02:12:15'),
(1398, 19, 59, 16, 1, 'B', 3, '2008-01-15 02:12:18'),
(1399, 20, 59, 10, 1, 'C', 3, '2008-01-15 02:12:22'),
(1400, 27, 59, 1, 1, 'B', 3, '2008-01-15 02:12:25'),
(1401, 37, 59, 5, 2, 'A', 3, '2008-01-15 02:20:50'),
(1402, 31, 59, 10, 2, 'B', 3, '2008-01-15 02:20:52'),
(1403, 9, 59, 10, 2, 'A', 3, '2008-01-15 02:20:55'),
(1404, 24, 59, 1, 2, 'C', 3, '2008-01-15 02:20:57'),
(1405, 36, 59, 11, 2, 'A', 3, '2008-01-15 02:20:59'),
(1406, 3, 59, 7, 2, 'A', 3, '2008-01-15 02:21:03'),
(1407, 25, 59, 2, 2, 'A', 3, '2008-01-15 02:21:06'),
(1408, 34, 59, 4, 2, 'A', 3, '2008-01-15 02:21:58'),
(1409, 28, 59, 11, 3, '', 2, '2008-01-15 04:23:19'),
(1410, 32, 59, 3, 3, '', 2, '2008-01-15 04:23:17'),
(1411, 78, 59, 3, 3, '', 2, '2008-01-15 04:23:14'),
(1412, 26, 59, 5, 3, '', 2, '2008-01-15 04:23:11'),
(1413, 29, 59, 9, 3, '', 2, '2008-01-15 04:23:08'),
(1414, 76, 59, 5, 3, '', 2, '2008-01-15 04:23:05'),
(1415, 59, 59, 11, 3, '', 2, '2008-01-15 04:23:03'),
(1416, 8, 59, 12, 3, '', 2, '2008-01-15 04:23:01'),
(1417, 22, 60, 11, 1, 'A', 3, '2008-01-15 02:12:04'),
(1418, 11, 60, 16, 1, 'A', 3, '2008-01-15 02:12:06'),
(1419, 21, 60, 7, 1, 'A', 3, '2008-01-15 02:12:10'),
(1420, 23, 60, 13, 1, 'B', 3, '2008-01-15 02:12:13'),
(1421, 18, 60, 4, 1, 'B', 3, '2008-01-15 02:12:15'),
(1422, 19, 60, 16, 1, 'B', 3, '2008-01-15 02:12:18'),
(1423, 20, 60, 10, 1, 'C', 3, '2008-01-15 02:12:22'),
(1424, 27, 60, 1, 1, 'B', 3, '2008-01-15 02:12:25'),
(1425, 37, 60, 5, 2, 'A', 3, '2008-01-15 02:20:50'),
(1426, 31, 60, 10, 2, 'B', 3, '2008-01-15 02:20:52'),
(1427, 9, 60, 10, 2, 'A', 3, '2008-01-15 02:20:55'),
(1428, 24, 60, 1, 2, 'C', 3, '2008-01-15 02:20:57'),
(1429, 36, 60, 11, 2, 'A', 3, '2008-01-15 02:20:59'),
(1430, 3, 60, 7, 2, 'A', 3, '2008-01-15 02:21:03'),
(1431, 25, 60, 2, 2, 'A', 3, '2008-01-15 02:21:06'),
(1432, 34, 60, 4, 2, 'A', 3, '2008-01-15 02:21:58'),
(1433, 28, 60, 11, 3, '', 2, '2008-01-15 04:23:19'),
(1434, 32, 60, 3, 3, '', 2, '2008-01-15 04:23:17'),
(1435, 78, 60, 3, 3, '', 2, '2008-01-15 04:23:14'),
(1436, 26, 60, 5, 3, '', 2, '2008-01-15 04:23:11'),
(1437, 29, 60, 9, 3, '', 2, '2008-01-15 04:23:08'),
(1438, 76, 60, 5, 3, '', 2, '2008-01-15 04:23:05'),
(1439, 59, 60, 11, 3, '', 2, '2008-01-15 04:23:03'),
(1440, 8, 60, 12, 3, '', 2, '2008-01-15 04:23:01'),
(1441, 22, 61, 11, 1, 'A', 3, '2008-01-15 02:12:04'),
(1442, 11, 61, 16, 1, 'A', 3, '2008-01-15 02:12:06'),
(1443, 21, 61, 7, 1, 'A', 3, '2008-01-15 02:12:10'),
(1444, 23, 61, 13, 1, 'B', 3, '2008-01-15 02:12:13'),
(1445, 18, 61, 4, 1, 'B', 3, '2008-01-15 02:12:15'),
(1446, 19, 61, 16, 1, 'B', 3, '2008-01-15 02:12:18'),
(1447, 20, 61, 10, 1, 'C', 3, '2008-01-15 02:12:22'),
(1448, 27, 61, 1, 1, 'B', 3, '2008-01-15 02:12:25'),
(1449, 37, 61, 5, 2, 'A', 3, '2008-01-15 02:20:50'),
(1450, 31, 61, 10, 2, 'B', 3, '2008-01-15 02:20:52'),
(1451, 9, 61, 10, 2, 'A', 3, '2008-01-15 02:20:55'),
(1452, 24, 61, 1, 2, 'C', 3, '2008-01-15 02:20:57'),
(1453, 36, 61, 11, 2, 'A', 3, '2008-01-15 02:20:59'),
(1454, 3, 61, 7, 2, 'A', 3, '2008-01-15 02:21:03'),
(1455, 25, 61, 2, 2, 'A', 3, '2008-01-15 02:21:06'),
(1456, 34, 61, 4, 2, 'A', 3, '2008-01-15 02:21:58'),
(1457, 28, 61, 11, 3, '', 2, '2008-01-15 04:23:19'),
(1458, 32, 61, 3, 3, '', 2, '2008-01-15 04:23:17'),
(1459, 78, 61, 3, 3, '', 2, '2008-01-15 04:23:14'),
(1460, 26, 61, 5, 3, '', 2, '2008-01-15 04:23:11'),
(1461, 29, 61, 9, 3, '', 2, '2008-01-15 04:23:08'),
(1462, 76, 61, 5, 3, '', 2, '2008-01-15 04:23:05'),
(1463, 59, 61, 11, 3, '', 2, '2008-01-15 04:23:03'),
(1464, 8, 61, 12, 3, '', 2, '2008-01-15 04:23:01'),
(1465, 22, 62, 11, 1, 'A', 3, '2008-01-15 02:12:04'),
(1466, 11, 62, 16, 1, 'A', 3, '2008-01-15 02:12:06'),
(1467, 21, 62, 7, 1, 'A', 3, '2008-01-15 02:12:10'),
(1468, 23, 62, 13, 1, 'B', 3, '2008-01-15 02:12:13'),
(1469, 18, 62, 4, 1, 'B', 3, '2008-01-15 02:12:15'),
(1470, 19, 62, 16, 1, 'B', 3, '2008-01-15 02:12:18'),
(1471, 20, 62, 10, 1, 'C', 3, '2008-01-15 02:12:22'),
(1472, 27, 62, 1, 1, 'B', 3, '2008-01-15 02:12:25'),
(1473, 37, 62, 5, 2, 'A', 3, '2008-01-15 02:20:50'),
(1474, 31, 62, 10, 2, 'B', 3, '2008-01-15 02:20:52'),
(1475, 9, 62, 10, 2, 'A', 3, '2008-01-15 02:20:55'),
(1476, 24, 62, 1, 2, 'C', 3, '2008-01-15 02:20:57'),
(1477, 36, 62, 11, 2, 'A', 3, '2008-01-15 02:20:59'),
(1478, 3, 62, 7, 2, 'A', 3, '2008-01-15 02:21:03'),
(1479, 25, 62, 2, 2, 'A', 3, '2008-01-15 02:21:06'),
(1480, 34, 62, 4, 2, 'A', 3, '2008-01-15 02:21:58'),
(2119, 28, 62, 11, 3, '', 2, '2008-01-15 05:12:41'),
(2118, 32, 62, 3, 3, '', 2, '2008-01-15 05:12:36'),
(2117, 78, 62, 3, 3, '', 2, '2008-01-15 05:12:34'),
(2116, 26, 62, 5, 3, 'A', 3, '2008-01-15 05:12:30'),
(2115, 29, 62, 9, 3, '', 2, '2008-01-15 05:12:28'),
(2114, 59, 62, 11, 3, '', 2, '2008-01-15 05:12:25'),
(2113, 8, 62, 12, 3, '', 2, '2008-01-15 05:12:22'),
(1489, 22, 63, 11, 1, 'A', 3, '2008-01-15 02:12:04'),
(1490, 11, 63, 16, 1, 'A', 3, '2008-01-15 02:12:06'),
(1491, 21, 63, 7, 1, 'A', 3, '2008-01-15 02:12:10'),
(1492, 23, 63, 13, 1, 'B', 3, '2008-01-15 02:12:13'),
(1493, 18, 63, 4, 1, 'B', 3, '2008-01-15 02:12:15'),
(1494, 19, 63, 16, 1, 'B', 3, '2008-01-15 02:12:18'),
(1495, 20, 63, 10, 1, 'C', 3, '2008-01-15 02:12:22'),
(1496, 27, 63, 1, 1, 'B', 3, '2008-01-15 02:12:25'),
(1497, 37, 63, 5, 2, 'A', 3, '2008-01-15 02:20:50'),
(1498, 31, 63, 10, 2, 'B', 3, '2008-01-15 02:20:52'),
(1499, 9, 63, 10, 2, 'A', 3, '2008-01-15 02:20:55'),
(1500, 24, 63, 1, 2, 'C', 3, '2008-01-15 02:20:57'),
(1501, 36, 63, 11, 2, 'A', 3, '2008-01-15 02:20:59'),
(1502, 3, 63, 7, 2, 'A', 3, '2008-01-15 02:21:03'),
(1503, 25, 63, 2, 2, 'A', 3, '2008-01-15 02:21:06'),
(1504, 34, 63, 4, 2, 'A', 3, '2008-01-15 02:21:58'),
(1505, 28, 63, 11, 3, '', 2, '2008-01-15 04:23:19'),
(1506, 32, 63, 3, 3, '', 2, '2008-01-15 04:23:17'),
(1507, 78, 63, 3, 3, '', 2, '2008-01-15 04:23:14'),
(1508, 26, 63, 5, 3, '', 2, '2008-01-15 04:23:11'),
(1509, 29, 63, 9, 3, '', 2, '2008-01-15 04:23:08'),
(1510, 76, 63, 5, 3, '', 2, '2008-01-15 04:23:05'),
(1511, 59, 63, 11, 3, '', 2, '2008-01-15 04:23:03'),
(1512, 8, 63, 12, 3, '', 2, '2008-01-15 04:23:01'),
(1513, 22, 64, 11, 1, 'A', 3, '2008-01-15 02:12:04'),
(1514, 11, 64, 16, 1, 'A', 3, '2008-01-15 02:12:06'),
(1515, 21, 64, 7, 1, 'A', 3, '2008-01-15 02:12:10'),
(1516, 23, 64, 13, 1, 'B', 3, '2008-01-15 02:12:13'),
(1517, 18, 64, 4, 1, 'B', 3, '2008-01-15 02:12:15'),
(1518, 19, 64, 16, 1, 'B', 3, '2008-01-15 02:12:18'),
(1519, 20, 64, 10, 1, 'C', 3, '2008-01-15 02:12:22'),
(1520, 27, 64, 1, 1, 'B', 3, '2008-01-15 02:12:25'),
(1521, 37, 64, 5, 2, 'A', 3, '2008-01-15 02:20:50'),
(1522, 31, 64, 10, 2, 'B', 3, '2008-01-15 02:20:52'),
(1523, 9, 64, 10, 2, 'A', 3, '2008-01-15 02:20:55'),
(1524, 24, 64, 1, 2, 'C', 3, '2008-01-15 02:20:57'),
(1525, 36, 64, 11, 2, 'A', 3, '2008-01-15 02:20:59'),
(1526, 3, 64, 7, 2, 'A', 3, '2008-01-15 02:21:03'),
(1527, 25, 64, 2, 2, 'A', 3, '2008-01-15 02:21:06'),
(1528, 34, 64, 4, 2, 'A', 3, '2008-01-15 02:21:58'),
(1529, 28, 64, 11, 3, '', 2, '2008-01-15 04:23:19'),
(1530, 32, 64, 3, 3, '', 2, '2008-01-15 04:23:17'),
(1531, 78, 64, 3, 3, '', 2, '2008-01-15 04:23:14'),
(1532, 26, 64, 5, 3, '', 2, '2008-01-15 04:23:11'),
(1533, 29, 64, 9, 3, '', 2, '2008-01-15 04:23:08'),
(1534, 76, 64, 5, 3, '', 2, '2008-01-15 04:23:05'),
(1535, 59, 64, 11, 3, '', 2, '2008-01-15 04:23:03'),
(1536, 8, 64, 12, 3, '', 2, '2008-01-15 04:23:01'),
(1537, 22, 65, 11, 1, 'A', 3, '2008-01-15 02:12:04'),
(1538, 11, 65, 16, 1, 'A', 3, '2008-01-15 02:12:06'),
(1539, 21, 65, 7, 1, 'A', 3, '2008-01-15 02:12:10'),
(1540, 23, 65, 13, 1, 'B', 3, '2008-01-15 02:12:13'),
(1541, 18, 65, 4, 1, 'B', 3, '2008-01-15 02:12:15'),
(1542, 19, 65, 16, 1, 'B', 3, '2008-01-15 02:12:18'),
(1543, 20, 65, 10, 1, 'C', 3, '2008-01-15 02:12:22'),
(1544, 27, 65, 1, 1, 'B', 3, '2008-01-15 02:12:25'),
(1545, 37, 65, 5, 2, 'A', 3, '2008-01-15 02:20:50'),
(1546, 31, 65, 10, 2, 'B', 3, '2008-01-15 02:20:52'),
(1547, 9, 65, 10, 2, 'A', 3, '2008-01-15 02:20:55'),
(1548, 24, 65, 1, 2, 'C', 3, '2008-01-15 02:20:57'),
(1549, 36, 65, 11, 2, 'A', 3, '2008-01-15 02:20:59'),
(1550, 3, 65, 7, 2, 'A', 3, '2008-01-15 02:21:03'),
(1551, 25, 65, 2, 2, 'A', 3, '2008-01-15 02:21:06'),
(1552, 34, 65, 4, 2, 'A', 3, '2008-01-15 02:21:58'),
(1553, 28, 65, 11, 3, '', 2, '2008-01-15 04:23:19'),
(1554, 32, 65, 3, 3, '', 2, '2008-01-15 04:23:17'),
(1555, 78, 65, 3, 3, '', 2, '2008-01-15 04:23:14'),
(1556, 26, 65, 5, 3, '', 2, '2008-01-15 04:23:11'),
(1557, 29, 65, 9, 3, '', 2, '2008-01-15 04:23:08'),
(1558, 76, 65, 5, 3, '', 2, '2008-01-15 04:23:05'),
(1559, 59, 65, 11, 3, '', 2, '2008-01-15 04:23:03'),
(1560, 8, 65, 12, 3, '', 2, '2008-01-15 04:23:01'),
(1561, 22, 66, 11, 1, 'A', 3, '2008-01-15 02:12:04'),
(1562, 11, 66, 16, 1, 'A', 3, '2008-01-15 02:12:06'),
(1563, 21, 66, 7, 1, 'A', 3, '2008-01-15 02:12:10'),
(1564, 23, 66, 13, 1, 'B', 3, '2008-01-15 02:12:13'),
(1565, 18, 66, 4, 1, 'B', 3, '2008-01-15 02:12:15'),
(1566, 19, 66, 16, 1, 'B', 3, '2008-01-15 02:12:18'),
(1567, 20, 66, 10, 1, 'C', 3, '2008-01-15 02:12:22'),
(1568, 27, 66, 1, 1, 'B', 3, '2008-01-15 02:12:25'),
(1569, 37, 66, 5, 2, 'A', 3, '2008-01-15 02:20:50'),
(1570, 31, 66, 10, 2, 'B', 3, '2008-01-15 02:20:52'),
(1571, 9, 66, 10, 2, 'A', 3, '2008-01-15 02:20:55'),
(1572, 24, 66, 1, 2, 'C', 3, '2008-01-15 02:20:57'),
(1573, 36, 66, 11, 2, 'A', 3, '2008-01-15 02:20:59'),
(1574, 3, 66, 7, 2, 'A', 3, '2008-01-15 02:21:03'),
(1575, 25, 66, 2, 2, 'A', 3, '2008-01-15 02:21:06'),
(1576, 34, 66, 4, 2, 'A', 3, '2008-01-15 02:21:58'),
(1577, 28, 66, 11, 3, '', 2, '2008-01-15 04:23:19'),
(1578, 32, 66, 3, 3, '', 2, '2008-01-15 04:23:17'),
(1579, 78, 66, 3, 3, '', 2, '2008-01-15 04:23:14'),
(1580, 26, 66, 5, 3, '', 2, '2008-01-15 04:23:11'),
(1581, 29, 66, 9, 3, '', 2, '2008-01-15 04:23:08'),
(1582, 76, 66, 5, 3, '', 2, '2008-01-15 04:23:05'),
(1583, 59, 66, 11, 3, '', 2, '2008-01-15 04:23:03'),
(1584, 8, 66, 12, 3, '', 2, '2008-01-15 04:23:01'),
(1585, 22, 67, 11, 1, 'A', 3, '2008-01-15 02:12:04'),
(1586, 11, 67, 16, 1, 'A', 3, '2008-01-15 02:12:06'),
(1587, 21, 67, 7, 1, 'A', 3, '2008-01-15 02:12:10'),
(1588, 23, 67, 13, 1, 'B', 3, '2008-01-15 02:12:13'),
(1589, 18, 67, 4, 1, 'B', 3, '2008-01-15 02:12:15'),
(1590, 19, 67, 16, 1, 'B', 3, '2008-01-15 02:12:18'),
(1591, 20, 67, 10, 1, 'C', 3, '2008-01-15 02:12:22'),
(1592, 27, 67, 1, 1, 'B', 3, '2008-01-15 02:12:25'),
(1593, 37, 67, 5, 2, 'A', 3, '2008-01-15 02:20:50'),
(1594, 31, 67, 10, 2, 'B', 3, '2008-01-15 02:20:52'),
(1595, 9, 67, 10, 2, 'A', 3, '2008-01-15 02:20:55'),
(1596, 24, 67, 1, 2, 'C', 3, '2008-01-15 02:20:57'),
(1597, 36, 67, 11, 2, 'A', 3, '2008-01-15 02:20:59'),
(1598, 3, 67, 7, 2, 'A', 3, '2008-01-15 02:21:03'),
(1599, 25, 67, 2, 2, 'A', 3, '2008-01-15 02:21:06'),
(1600, 34, 67, 4, 2, 'A', 3, '2008-01-15 02:21:58'),
(1601, 28, 67, 11, 3, '', 2, '2008-01-15 04:23:19'),
(1602, 32, 67, 3, 3, '', 2, '2008-01-15 04:23:17'),
(1603, 78, 67, 3, 3, '', 2, '2008-01-15 04:23:14'),
(1604, 26, 67, 5, 3, '', 2, '2008-01-15 04:23:11'),
(1605, 29, 67, 9, 3, '', 2, '2008-01-15 04:23:08'),
(1606, 76, 67, 5, 3, '', 2, '2008-01-15 04:23:05'),
(1607, 59, 67, 11, 3, '', 2, '2008-01-15 04:23:03'),
(1608, 8, 67, 12, 3, '', 2, '2008-01-15 04:23:01'),
(1609, 22, 68, 11, 1, 'A', 3, '2008-01-15 02:12:04'),
(1610, 11, 68, 16, 1, 'A', 3, '2008-01-15 02:12:06'),
(1611, 21, 68, 7, 1, 'A', 3, '2008-01-15 02:12:10'),
(1612, 23, 68, 13, 1, 'B', 3, '2008-01-15 02:12:13'),
(1613, 18, 68, 4, 1, 'B', 3, '2008-01-15 02:12:15'),
(1614, 19, 68, 16, 1, 'B', 3, '2008-01-15 02:12:18'),
(1615, 20, 68, 10, 1, 'C', 3, '2008-01-15 02:12:22'),
(1616, 27, 68, 1, 1, 'B', 3, '2008-01-15 02:12:25'),
(1617, 37, 68, 5, 2, 'A', 3, '2008-01-15 02:20:50'),
(1618, 31, 68, 10, 2, 'B', 3, '2008-01-15 02:20:52'),
(1619, 9, 68, 10, 2, 'A', 3, '2008-01-15 02:20:55'),
(1620, 24, 68, 1, 2, 'C', 3, '2008-01-15 02:20:57'),
(1621, 36, 68, 11, 2, 'A', 3, '2008-01-15 02:20:59'),
(1622, 3, 68, 7, 2, 'A', 3, '2008-01-15 02:21:03'),
(1623, 25, 68, 2, 2, 'A', 3, '2008-01-15 02:21:06'),
(1624, 34, 68, 4, 2, 'A', 3, '2008-01-15 02:21:58'),
(1625, 28, 68, 11, 3, '', 2, '2008-01-15 04:23:19'),
(1626, 32, 68, 3, 3, '', 2, '2008-01-15 04:23:17'),
(1627, 78, 68, 3, 3, '', 2, '2008-01-15 04:23:14'),
(1628, 26, 68, 5, 3, '', 2, '2008-01-15 04:23:11'),
(1629, 29, 68, 9, 3, '', 2, '2008-01-15 04:23:08'),
(1630, 76, 68, 5, 3, '', 2, '2008-01-15 04:23:05'),
(1631, 59, 68, 11, 3, '', 2, '2008-01-15 04:23:03'),
(1632, 8, 68, 12, 3, '', 2, '2008-01-15 04:23:01'),
(1633, 22, 69, 11, 1, 'A', 3, '2008-01-15 02:12:04'),
(1634, 11, 69, 16, 1, 'A', 3, '2008-01-15 02:12:06'),
(1635, 21, 69, 7, 1, 'A', 3, '2008-01-15 02:12:10'),
(1636, 23, 69, 13, 1, 'B', 3, '2008-01-15 02:12:13'),
(1637, 18, 69, 4, 1, 'B', 3, '2008-01-15 02:12:15'),
(1638, 19, 69, 16, 1, 'B', 3, '2008-01-15 02:12:18'),
(1639, 20, 69, 10, 1, 'C', 3, '2008-01-15 02:12:22'),
(1640, 27, 69, 1, 1, 'B', 3, '2008-01-15 02:12:25'),
(1641, 37, 69, 5, 2, 'A', 3, '2008-01-15 02:20:50'),
(1642, 31, 69, 10, 2, 'B', 3, '2008-01-15 02:20:52'),
(1643, 9, 69, 10, 2, 'A', 3, '2008-01-15 02:20:55'),
(1644, 24, 69, 1, 2, 'C', 3, '2008-01-15 02:20:57'),
(1645, 36, 69, 11, 2, 'A', 3, '2008-01-15 02:20:59'),
(1646, 3, 69, 7, 2, 'A', 3, '2008-01-15 02:21:03'),
(1647, 25, 69, 2, 2, 'A', 3, '2008-01-15 02:21:06'),
(1648, 34, 69, 4, 2, 'A', 3, '2008-01-15 02:21:58'),
(1649, 28, 69, 11, 3, '', 2, '2008-01-15 04:23:19'),
(1650, 32, 69, 3, 3, '', 2, '2008-01-15 04:23:17'),
(1651, 78, 69, 3, 3, '', 2, '2008-01-15 04:23:14'),
(1652, 26, 69, 5, 3, '', 2, '2008-01-15 04:23:11'),
(1653, 29, 69, 9, 3, '', 2, '2008-01-15 04:23:08'),
(1654, 76, 69, 5, 3, '', 2, '2008-01-15 04:23:05'),
(1655, 59, 69, 11, 3, '', 2, '2008-01-15 04:23:03'),
(1656, 8, 69, 12, 3, '', 2, '2008-01-15 04:23:01'),
(1657, 22, 70, 11, 1, 'A', 3, '2008-01-15 02:12:04'),
(1658, 11, 70, 16, 1, 'A', 3, '2008-01-15 02:12:06'),
(1659, 21, 70, 7, 1, 'A', 3, '2008-01-15 02:12:10'),
(1660, 23, 70, 13, 1, 'B', 3, '2008-01-15 02:12:13'),
(1661, 18, 70, 4, 1, 'B', 3, '2008-01-15 02:12:15'),
(1662, 19, 70, 16, 1, 'B', 3, '2008-01-15 02:12:18'),
(1663, 20, 70, 10, 1, 'C', 3, '2008-01-15 02:12:22'),
(1664, 27, 70, 1, 1, 'B', 3, '2008-01-15 02:12:25'),
(1665, 37, 70, 5, 2, 'A', 3, '2008-01-15 02:20:50'),
(1666, 31, 70, 10, 2, 'B', 3, '2008-01-15 02:20:52'),
(1667, 9, 70, 10, 2, 'A', 3, '2008-01-15 02:20:55'),
(1668, 24, 70, 1, 2, 'C', 3, '2008-01-15 02:20:57'),
(1669, 36, 70, 11, 2, 'A', 3, '2008-01-15 02:20:59'),
(1670, 3, 70, 7, 2, 'A', 3, '2008-01-15 02:21:03'),
(1671, 25, 70, 2, 2, 'A', 3, '2008-01-15 02:21:06'),
(1672, 34, 70, 4, 2, 'A', 3, '2008-01-15 02:21:58'),
(1673, 28, 70, 11, 3, '', 2, '2008-01-15 04:23:19'),
(1674, 32, 70, 3, 3, '', 2, '2008-01-15 04:23:17'),
(1675, 78, 70, 3, 3, '', 2, '2008-01-15 04:23:14'),
(1676, 26, 70, 5, 3, '', 2, '2008-01-15 04:23:11'),
(1677, 29, 70, 9, 3, '', 2, '2008-01-15 04:23:08'),
(1678, 76, 70, 5, 3, '', 2, '2008-01-15 04:23:05'),
(1679, 59, 70, 11, 3, '', 2, '2008-01-15 04:23:03'),
(1680, 8, 70, 12, 3, '', 2, '2008-01-15 04:23:01'),
(1681, 22, 71, 11, 1, 'A', 3, '2008-01-15 02:12:04'),
(1682, 11, 71, 16, 1, 'A', 3, '2008-01-15 02:12:06'),
(1683, 21, 71, 7, 1, 'A', 3, '2008-01-15 02:12:10'),
(1684, 23, 71, 13, 1, 'B', 3, '2008-01-15 02:12:13'),
(1685, 18, 71, 4, 1, 'B', 3, '2008-01-15 02:12:15'),
(1686, 19, 71, 16, 1, 'B', 3, '2008-01-15 02:12:18'),
(1687, 20, 71, 10, 1, 'C', 3, '2008-01-15 02:12:22'),
(1688, 27, 71, 1, 1, 'B', 3, '2008-01-15 02:12:25'),
(1689, 37, 71, 5, 2, 'A', 3, '2008-01-15 02:20:50'),
(1690, 31, 71, 10, 2, 'B', 3, '2008-01-15 02:20:52'),
(1691, 9, 71, 10, 2, 'A', 3, '2008-01-15 02:20:55'),
(1692, 24, 71, 1, 2, 'C', 3, '2008-01-15 02:20:57'),
(1693, 36, 71, 11, 2, 'A', 3, '2008-01-15 02:20:59'),
(1694, 3, 71, 7, 2, 'A', 3, '2008-01-15 02:21:03'),
(1695, 25, 71, 2, 2, 'A', 3, '2008-01-15 02:21:06'),
(1696, 34, 71, 4, 2, 'A', 3, '2008-01-15 02:21:58'),
(1697, 28, 71, 11, 3, '', 2, '2008-01-15 04:23:19'),
(1698, 32, 71, 3, 3, '', 2, '2008-01-15 04:23:17'),
(1699, 78, 71, 3, 3, '', 2, '2008-01-15 04:23:14'),
(1700, 26, 71, 5, 3, '', 2, '2008-01-15 04:23:11'),
(1701, 29, 71, 9, 3, '', 2, '2008-01-15 04:23:08'),
(1702, 76, 71, 5, 3, '', 2, '2008-01-15 04:23:05'),
(1703, 59, 71, 11, 3, '', 2, '2008-01-15 04:23:03'),
(1704, 8, 71, 12, 3, '', 2, '2008-01-15 04:23:01'),
(1705, 22, 72, 11, 1, 'A', 3, '2008-01-15 02:12:04'),
(1706, 11, 72, 16, 1, 'A', 3, '2008-01-15 02:12:06'),
(1707, 21, 72, 7, 1, 'A', 3, '2008-01-15 02:12:10'),
(1708, 23, 72, 13, 1, 'B', 3, '2008-01-15 02:12:13'),
(1709, 18, 72, 4, 1, 'B', 3, '2008-01-15 02:12:15'),
(1710, 19, 72, 16, 1, 'B', 3, '2008-01-15 02:12:18'),
(1711, 20, 72, 10, 1, 'C', 3, '2008-01-15 02:12:22'),
(1712, 27, 72, 1, 1, 'B', 3, '2008-01-15 02:12:25'),
(1713, 37, 72, 5, 2, 'A', 3, '2008-01-15 02:20:50'),
(1714, 31, 72, 10, 2, 'B', 3, '2008-01-15 02:20:52'),
(1715, 9, 72, 10, 2, 'A', 3, '2008-01-15 02:20:55'),
(1716, 24, 72, 1, 2, 'C', 3, '2008-01-15 02:20:57'),
(1717, 36, 72, 11, 2, 'A', 3, '2008-01-15 02:20:59'),
(1718, 3, 72, 7, 2, 'A', 3, '2008-01-15 02:21:03'),
(1719, 25, 72, 2, 2, 'A', 3, '2008-01-15 02:21:06'),
(1720, 34, 72, 4, 2, 'A', 3, '2008-01-15 02:21:58'),
(1721, 28, 72, 11, 3, '', 2, '2008-01-15 04:23:19'),
(1722, 32, 72, 3, 3, '', 2, '2008-01-15 04:23:17'),
(1723, 78, 72, 3, 3, '', 2, '2008-01-15 04:23:14'),
(1724, 26, 72, 5, 3, '', 2, '2008-01-15 04:23:11'),
(1725, 29, 72, 9, 3, '', 2, '2008-01-15 04:23:08'),
(1726, 76, 72, 5, 3, '', 2, '2008-01-15 04:23:05'),
(1727, 59, 72, 11, 3, '', 2, '2008-01-15 04:23:03'),
(1728, 8, 72, 12, 3, '', 2, '2008-01-15 04:23:01'),
(1729, 22, 73, 11, 1, 'A', 3, '2008-01-15 02:12:04'),
(1730, 11, 73, 16, 1, 'A', 3, '2008-01-15 02:12:06'),
(1731, 21, 73, 7, 1, 'A', 3, '2008-01-15 02:12:10'),
(1732, 23, 73, 13, 1, 'B', 3, '2008-01-15 02:12:13'),
(1733, 18, 73, 4, 1, 'B', 3, '2008-01-15 02:12:15'),
(1734, 19, 73, 16, 1, 'B', 3, '2008-01-15 02:12:18'),
(1735, 20, 73, 10, 1, 'C', 3, '2008-01-15 02:12:22'),
(1736, 27, 73, 1, 1, 'B', 3, '2008-01-15 02:12:25'),
(1737, 37, 73, 5, 2, 'A', 3, '2008-01-15 02:20:50'),
(1738, 31, 73, 10, 2, 'B', 3, '2008-01-15 02:20:52'),
(1739, 9, 73, 10, 2, 'A', 3, '2008-01-15 02:20:55'),
(1740, 24, 73, 1, 2, 'C', 3, '2008-01-15 02:20:57'),
(1741, 36, 73, 11, 2, 'A', 3, '2008-01-15 02:20:59'),
(1742, 3, 73, 7, 2, 'A', 3, '2008-01-15 02:21:03'),
(1743, 25, 73, 2, 2, 'A', 3, '2008-01-15 02:21:06'),
(1744, 34, 73, 4, 2, 'A', 3, '2008-01-15 02:21:58'),
(1745, 28, 73, 11, 3, '', 2, '2008-01-15 04:23:19'),
(1746, 32, 73, 3, 3, '', 2, '2008-01-15 04:23:17'),
(1747, 78, 73, 3, 3, '', 2, '2008-01-15 04:23:14'),
(1748, 26, 73, 5, 3, '', 2, '2008-01-15 04:23:11'),
(1749, 29, 73, 9, 3, '', 2, '2008-01-15 04:23:08'),
(1750, 76, 73, 5, 3, '', 2, '2008-01-15 04:23:05'),
(1751, 59, 73, 11, 3, '', 2, '2008-01-15 04:23:03'),
(1752, 8, 73, 12, 3, '', 2, '2008-01-15 04:23:01'),
(1753, 22, 74, 11, 1, 'A', 3, '2008-01-15 02:12:04'),
(1754, 11, 74, 16, 1, 'A', 3, '2008-01-15 02:12:06'),
(1755, 21, 74, 7, 1, 'A', 3, '2008-01-15 02:12:10'),
(1756, 23, 74, 13, 1, 'B', 3, '2008-01-15 02:12:13'),
(1757, 18, 74, 4, 1, 'B', 3, '2008-01-15 02:12:15'),
(1758, 19, 74, 16, 1, 'B', 3, '2008-01-15 02:12:18'),
(1759, 20, 74, 10, 1, 'C', 3, '2008-01-15 02:12:22'),
(1760, 27, 74, 1, 1, 'B', 3, '2008-01-15 02:12:25'),
(1761, 37, 74, 5, 2, 'A', 3, '2008-01-15 02:20:50'),
(1762, 31, 74, 10, 2, 'B', 3, '2008-01-15 02:20:52'),
(1763, 9, 74, 10, 2, 'A', 3, '2008-01-15 02:20:55'),
(1764, 24, 74, 1, 2, 'C', 3, '2008-01-15 02:20:57'),
(1765, 36, 74, 11, 2, 'A', 3, '2008-01-15 02:20:59'),
(1766, 3, 74, 7, 2, 'A', 3, '2008-01-15 02:21:03'),
(1767, 25, 74, 2, 2, 'A', 3, '2008-01-15 02:21:06'),
(1768, 34, 74, 4, 2, 'A', 3, '2008-01-15 02:21:58'),
(1769, 28, 74, 11, 3, '', 2, '2008-01-15 04:23:19'),
(1770, 32, 74, 3, 3, '', 2, '2008-01-15 04:23:17'),
(1771, 78, 74, 3, 3, '', 2, '2008-01-15 04:23:14'),
(1772, 26, 74, 5, 3, '', 2, '2008-01-15 04:23:11'),
(1773, 29, 74, 9, 3, '', 2, '2008-01-15 04:23:08'),
(1774, 76, 74, 5, 3, '', 2, '2008-01-15 04:23:05'),
(1775, 59, 74, 11, 3, '', 2, '2008-01-15 04:23:03'),
(1776, 8, 74, 12, 3, '', 2, '2008-01-15 04:23:01'),
(1777, 22, 75, 11, 1, 'A', 3, '2008-01-15 02:12:04'),
(1778, 11, 75, 16, 1, 'A', 3, '2008-01-15 02:12:06'),
(1779, 21, 75, 7, 1, 'A', 3, '2008-01-15 02:12:10'),
(1780, 23, 75, 13, 1, 'B', 3, '2008-01-15 02:12:13'),
(1781, 18, 75, 4, 1, 'B', 3, '2008-01-15 02:12:15'),
(1782, 19, 75, 16, 1, 'B', 3, '2008-01-15 02:12:18'),
(1783, 20, 75, 10, 1, 'C', 3, '2008-01-15 02:12:22'),
(1784, 27, 75, 1, 1, 'B', 3, '2008-01-15 02:12:25'),
(1785, 37, 75, 5, 2, 'A', 3, '2008-01-15 02:20:50'),
(1786, 31, 75, 10, 2, 'B', 3, '2008-01-15 02:20:52'),
(1787, 9, 75, 10, 2, 'A', 3, '2008-01-15 02:20:55'),
(1788, 24, 75, 1, 2, 'C', 3, '2008-01-15 02:20:57'),
(1789, 36, 75, 11, 2, 'A', 3, '2008-01-15 02:20:59'),
(1790, 3, 75, 7, 2, 'A', 3, '2008-01-15 02:21:03'),
(1791, 25, 75, 2, 2, 'A', 3, '2008-01-15 02:21:06'),
(1792, 34, 75, 4, 2, 'A', 3, '2008-01-15 02:21:58'),
(1793, 28, 75, 11, 3, '', 2, '2008-01-15 04:23:19'),
(1794, 32, 75, 3, 3, '', 2, '2008-01-15 04:23:17'),
(1795, 78, 75, 3, 3, '', 2, '2008-01-15 04:23:14'),
(1796, 26, 75, 5, 3, '', 2, '2008-01-15 04:23:11'),
(1797, 29, 75, 9, 3, '', 2, '2008-01-15 04:23:08'),
(1798, 76, 75, 5, 3, '', 2, '2008-01-15 04:23:05'),
(1799, 59, 75, 11, 3, '', 2, '2008-01-15 04:23:03'),
(1800, 8, 75, 12, 3, '', 2, '2008-01-15 04:23:01'),
(1801, 22, 76, 11, 1, 'A', 3, '2008-01-15 02:12:04'),
(1802, 11, 76, 16, 1, 'A', 3, '2008-01-15 02:12:06'),
(1803, 21, 76, 7, 1, 'A', 3, '2008-01-15 02:12:10'),
(1804, 23, 76, 13, 1, 'B', 3, '2008-01-15 02:12:13'),
(1805, 18, 76, 4, 1, 'B', 3, '2008-01-15 02:12:15'),
(1806, 19, 76, 16, 1, 'B', 3, '2008-01-15 02:12:18'),
(1807, 20, 76, 10, 1, 'C', 3, '2008-01-15 02:12:22'),
(1808, 27, 76, 1, 1, 'B', 3, '2008-01-15 02:12:25'),
(1809, 37, 76, 5, 2, 'A', 3, '2008-01-15 02:20:50'),
(1810, 31, 76, 10, 2, 'B', 3, '2008-01-15 02:20:52'),
(1811, 9, 76, 10, 2, 'A', 3, '2008-01-15 02:20:55'),
(1812, 24, 76, 1, 2, 'C', 3, '2008-01-15 02:20:57'),
(1813, 36, 76, 11, 2, 'A', 3, '2008-01-15 02:20:59'),
(1814, 3, 76, 7, 2, 'A', 3, '2008-01-15 02:21:03'),
(1815, 25, 76, 2, 2, 'A', 3, '2008-01-15 02:21:06'),
(1816, 34, 76, 4, 2, 'A', 3, '2008-01-15 02:21:58'),
(1817, 28, 76, 11, 3, '', 2, '2008-01-15 04:23:19'),
(1818, 32, 76, 3, 3, '', 2, '2008-01-15 04:23:17'),
(1819, 78, 76, 3, 3, '', 2, '2008-01-15 04:23:14'),
(1820, 26, 76, 5, 3, '', 2, '2008-01-15 04:23:11'),
(1821, 29, 76, 9, 3, '', 2, '2008-01-15 04:23:08'),
(1822, 76, 76, 5, 3, '', 2, '2008-01-15 04:23:05'),
(1823, 59, 76, 11, 3, '', 2, '2008-01-15 04:23:03'),
(1824, 8, 76, 12, 3, '', 2, '2008-01-15 04:23:01'),
(1825, 22, 77, 11, 1, 'A', 3, '2008-01-15 02:12:04'),
(1826, 11, 77, 16, 1, 'A', 3, '2008-01-15 02:12:06'),
(1827, 21, 77, 7, 1, 'A', 3, '2008-01-15 02:12:10'),
(1828, 23, 77, 13, 1, 'B', 3, '2008-01-15 02:12:13'),
(1829, 18, 77, 4, 1, 'B', 3, '2008-01-15 02:12:15'),
(1830, 19, 77, 16, 1, 'B', 3, '2008-01-15 02:12:18'),
(1831, 20, 77, 10, 1, 'C', 3, '2008-01-15 02:12:22'),
(1832, 27, 77, 1, 1, 'B', 3, '2008-01-15 02:12:25'),
(1833, 37, 77, 5, 2, 'A', 3, '2008-01-15 02:20:50'),
(1834, 31, 77, 10, 2, 'B', 3, '2008-01-15 02:20:52'),
(1835, 9, 77, 10, 2, 'A', 3, '2008-01-15 02:20:55'),
(1836, 24, 77, 1, 2, 'C', 3, '2008-01-15 02:20:57'),
(1837, 36, 77, 11, 2, 'A', 3, '2008-01-15 02:20:59'),
(1838, 3, 77, 7, 2, 'A', 3, '2008-01-15 02:21:03'),
(1839, 25, 77, 2, 2, 'A', 3, '2008-01-15 02:21:06'),
(1840, 34, 77, 4, 2, 'A', 3, '2008-01-15 02:21:58'),
(1841, 28, 77, 11, 3, '', 2, '2008-01-15 04:23:19'),
(1842, 32, 77, 3, 3, '', 2, '2008-01-15 04:23:17'),
(1843, 78, 77, 3, 3, '', 2, '2008-01-15 04:23:14'),
(1844, 26, 77, 5, 3, '', 2, '2008-01-15 04:23:11'),
(1845, 29, 77, 9, 3, '', 2, '2008-01-15 04:23:08'),
(1846, 76, 77, 5, 3, '', 2, '2008-01-15 04:23:05'),
(1847, 59, 77, 11, 3, '', 2, '2008-01-15 04:23:03'),
(1848, 8, 77, 12, 3, '', 2, '2008-01-15 04:23:01'),
(1849, 22, 78, 11, 1, 'A', 3, '2008-01-15 02:12:04'),
(1850, 11, 78, 16, 1, 'A', 3, '2008-01-15 02:12:06'),
(1851, 21, 78, 7, 1, 'A', 3, '2008-01-15 02:12:10'),
(1852, 23, 78, 13, 1, 'B', 3, '2008-01-15 02:12:13'),
(1853, 18, 78, 4, 1, 'B', 3, '2008-01-15 02:12:15'),
(1854, 19, 78, 16, 1, 'B', 3, '2008-01-15 02:12:18'),
(1855, 20, 78, 10, 1, 'C', 3, '2008-01-15 02:12:22'),
(1856, 27, 78, 1, 1, 'B', 3, '2008-01-15 02:12:25'),
(1857, 37, 78, 5, 2, 'A', 3, '2008-01-15 02:20:50'),
(1858, 31, 78, 10, 2, 'B', 3, '2008-01-15 02:20:52'),
(1859, 9, 78, 10, 2, 'A', 3, '2008-01-15 02:20:55'),
(1860, 24, 78, 1, 2, 'C', 3, '2008-01-15 02:20:57'),
(1861, 36, 78, 11, 2, 'A', 3, '2008-01-15 02:20:59'),
(1862, 3, 78, 7, 2, 'A', 3, '2008-01-15 02:21:03'),
(1863, 25, 78, 2, 2, 'A', 3, '2008-01-15 02:21:06'),
(1864, 34, 78, 4, 2, 'A', 3, '2008-01-15 02:21:58'),
(1865, 28, 78, 11, 3, '', 2, '2008-01-15 04:23:19'),
(1866, 32, 78, 3, 3, '', 2, '2008-01-15 04:23:17'),
(1867, 78, 78, 3, 3, '', 2, '2008-01-15 04:23:14'),
(1868, 26, 78, 5, 3, '', 2, '2008-01-15 04:23:11'),
(1869, 29, 78, 9, 3, '', 2, '2008-01-15 04:23:08'),
(1870, 76, 78, 5, 3, '', 2, '2008-01-15 04:23:05'),
(1871, 59, 78, 11, 3, '', 2, '2008-01-15 04:23:03'),
(1872, 8, 78, 12, 3, '', 2, '2008-01-15 04:23:01'),
(1873, 22, 79, 11, 1, 'A', 3, '2008-01-15 02:12:04'),
(1874, 11, 79, 16, 1, 'A', 3, '2008-01-15 02:12:06'),
(1875, 21, 79, 7, 1, 'A', 3, '2008-01-15 02:12:10'),
(1876, 23, 79, 13, 1, 'B', 3, '2008-01-15 02:12:13'),
(1877, 18, 79, 4, 1, 'B', 3, '2008-01-15 02:12:15'),
(1878, 19, 79, 16, 1, 'B', 3, '2008-01-15 02:12:18'),
(1879, 20, 79, 10, 1, 'C', 3, '2008-01-15 02:12:22'),
(1880, 27, 79, 1, 1, 'B', 3, '2008-01-15 02:12:25'),
(1881, 37, 79, 5, 2, 'A', 3, '2008-01-15 02:20:50'),
(1882, 31, 79, 10, 2, 'B', 3, '2008-01-15 02:20:52'),
(1883, 9, 79, 10, 2, 'A', 3, '2008-01-15 02:20:55'),
(1884, 24, 79, 1, 2, 'C', 3, '2008-01-15 02:20:57'),
(1885, 36, 79, 11, 2, 'A', 3, '2008-01-15 02:20:59'),
(1886, 3, 79, 7, 2, 'A', 3, '2008-01-15 02:21:03'),
(1887, 25, 79, 2, 2, 'A', 3, '2008-01-15 02:21:06'),
(1888, 34, 79, 4, 2, 'A', 3, '2008-01-15 02:21:58'),
(1889, 28, 79, 11, 3, '', 2, '2008-01-15 04:23:19'),
(1890, 32, 79, 3, 3, '', 2, '2008-01-15 04:23:17'),
(1891, 78, 79, 3, 3, '', 2, '2008-01-15 04:23:14'),
(1892, 26, 79, 5, 3, '', 2, '2008-01-15 04:23:11'),
(1893, 29, 79, 9, 3, '', 2, '2008-01-15 04:23:08'),
(1894, 76, 79, 5, 3, '', 2, '2008-01-15 04:23:05'),
(1895, 59, 79, 11, 3, '', 2, '2008-01-15 04:23:03'),
(1896, 8, 79, 12, 3, '', 2, '2008-01-15 04:23:01'),
(1897, 22, 80, 11, 1, 'A', 3, '2008-01-15 02:12:04'),
(1898, 11, 80, 16, 1, 'A', 3, '2008-01-15 02:12:06'),
(1899, 21, 80, 7, 1, 'A', 3, '2008-01-15 02:12:10'),
(1900, 23, 80, 13, 1, 'B', 3, '2008-01-15 02:12:13'),
(1901, 18, 80, 4, 1, 'B', 3, '2008-01-15 02:12:15'),
(1902, 19, 80, 16, 1, 'B', 3, '2008-01-15 02:12:18'),
(1903, 20, 80, 10, 1, 'C', 3, '2008-01-15 02:12:22'),
(1904, 27, 80, 1, 1, 'B', 3, '2008-01-15 02:12:25'),
(1905, 37, 80, 5, 2, 'A', 3, '2008-01-15 02:20:50'),
(1906, 31, 80, 10, 2, 'B', 3, '2008-01-15 02:20:52'),
(1907, 9, 80, 10, 2, 'A', 3, '2008-01-15 02:20:55'),
(1908, 24, 80, 1, 2, 'C', 3, '2008-01-15 02:20:57'),
(1909, 36, 80, 11, 2, 'A', 3, '2008-01-15 02:20:59'),
(1910, 3, 80, 7, 2, 'A', 3, '2008-01-15 02:21:03'),
(1911, 25, 80, 2, 2, 'A', 3, '2008-01-15 02:21:06'),
(1912, 34, 80, 4, 2, 'A', 3, '2008-01-15 02:21:58'),
(1913, 28, 80, 11, 3, '', 2, '2008-01-15 04:23:19'),
(1914, 32, 80, 3, 3, '', 2, '2008-01-15 04:23:17'),
(1915, 78, 80, 3, 3, '', 2, '2008-01-15 04:23:14'),
(1916, 26, 80, 5, 3, '', 2, '2008-01-15 04:23:11'),
(1917, 29, 80, 9, 3, '', 2, '2008-01-15 04:23:08'),
(1918, 76, 80, 5, 3, '', 2, '2008-01-15 04:23:05'),
(1919, 59, 80, 11, 3, '', 2, '2008-01-15 04:23:03'),
(1920, 8, 80, 12, 3, '', 2, '2008-01-15 04:23:01'),
(1921, 22, 81, 11, 1, 'A', 3, '2008-01-15 02:12:04'),
(1922, 11, 81, 16, 1, 'A', 3, '2008-01-15 02:12:06'),
(1923, 21, 81, 7, 1, 'A', 3, '2008-01-15 02:12:10'),
(1924, 23, 81, 13, 1, 'B', 3, '2008-01-15 02:12:13'),
(1925, 18, 81, 4, 1, 'B', 3, '2008-01-15 02:12:15'),
(1926, 19, 81, 16, 1, 'B', 3, '2008-01-15 02:12:18'),
(1927, 20, 81, 10, 1, 'C', 3, '2008-01-15 02:12:22'),
(1928, 27, 81, 1, 1, 'B', 3, '2008-01-15 02:12:25'),
(1929, 37, 81, 5, 2, 'A', 3, '2008-01-15 02:20:50'),
(1930, 31, 81, 10, 2, 'B', 3, '2008-01-15 02:20:52'),
(1931, 9, 81, 10, 2, 'A', 3, '2008-01-15 02:20:55'),
(1932, 24, 81, 1, 2, 'C', 3, '2008-01-15 02:20:57'),
(1933, 36, 81, 11, 2, 'A', 3, '2008-01-15 02:20:59'),
(1934, 3, 81, 7, 2, 'A', 3, '2008-01-15 02:21:03'),
(1935, 25, 81, 2, 2, 'A', 3, '2008-01-15 02:21:06'),
(1936, 34, 81, 4, 2, 'A', 3, '2008-01-15 02:21:58'),
(1937, 28, 81, 11, 3, '', 2, '2008-01-15 04:23:19'),
(1938, 32, 81, 3, 3, '', 2, '2008-01-15 04:23:17'),
(1939, 78, 81, 3, 3, '', 2, '2008-01-15 04:23:14'),
(1940, 26, 81, 5, 3, '', 2, '2008-01-15 04:23:11'),
(1941, 29, 81, 9, 3, '', 2, '2008-01-15 04:23:08'),
(1942, 76, 81, 5, 3, '', 2, '2008-01-15 04:23:05'),
(1943, 59, 81, 11, 3, '', 2, '2008-01-15 04:23:03'),
(1944, 8, 81, 12, 3, '', 2, '2008-01-15 04:23:01'),
(1945, 22, 82, 11, 1, 'A', 3, '2008-01-15 02:12:04'),
(1946, 11, 82, 16, 1, 'A', 3, '2008-01-15 02:12:06'),
(1947, 21, 82, 7, 1, 'A', 3, '2008-01-15 02:12:10'),
(1948, 23, 82, 13, 1, 'B', 3, '2008-01-15 02:12:13'),
(1949, 18, 82, 4, 1, 'B', 3, '2008-01-15 02:12:15'),
(1950, 19, 82, 16, 1, 'B', 3, '2008-01-15 02:12:18'),
(1951, 20, 82, 10, 1, 'C', 3, '2008-01-15 02:12:22'),
(1952, 27, 82, 1, 1, 'B', 3, '2008-01-15 02:12:25'),
(1953, 37, 82, 5, 2, 'A', 3, '2008-01-15 02:20:50'),
(1954, 31, 82, 10, 2, 'B', 3, '2008-01-15 02:20:52'),
(1955, 9, 82, 10, 2, 'A', 3, '2008-01-15 02:20:55'),
(1956, 24, 82, 1, 2, 'C', 3, '2008-01-15 02:20:57'),
(1957, 36, 82, 11, 2, 'A', 3, '2008-01-15 02:20:59'),
(1958, 3, 82, 7, 2, 'A', 3, '2008-01-15 02:21:03'),
(1959, 25, 82, 2, 2, 'A', 3, '2008-01-15 02:21:06'),
(1960, 34, 82, 4, 2, 'A', 3, '2008-01-15 02:21:58'),
(1961, 28, 82, 11, 3, '', 2, '2008-01-15 04:23:19'),
(1962, 32, 82, 3, 3, '', 2, '2008-01-15 04:23:17'),
(1963, 78, 82, 3, 3, '', 2, '2008-01-15 04:23:14'),
(1964, 26, 82, 5, 3, '', 2, '2008-01-15 04:23:11'),
(1965, 29, 82, 9, 3, '', 2, '2008-01-15 04:23:08'),
(1966, 76, 82, 5, 3, '', 2, '2008-01-15 04:23:05'),
(1967, 59, 82, 11, 3, '', 2, '2008-01-15 04:23:03'),
(1968, 8, 82, 12, 3, '', 2, '2008-01-15 04:23:01'),
(1969, 22, 83, 11, 1, 'A', 3, '2008-01-15 02:12:04'),
(1970, 11, 83, 16, 1, 'A', 3, '2008-01-15 02:12:06'),
(1971, 21, 83, 7, 1, 'A', 3, '2008-01-15 02:12:10'),
(1972, 23, 83, 13, 1, 'B', 3, '2008-01-15 02:12:13'),
(1973, 18, 83, 4, 1, 'B', 3, '2008-01-15 02:12:15'),
(1974, 19, 83, 16, 1, 'B', 3, '2008-01-15 02:12:18'),
(1975, 20, 83, 10, 1, 'C', 3, '2008-01-15 02:12:22'),
(1976, 27, 83, 1, 1, 'B', 3, '2008-01-15 02:12:25'),
(1977, 37, 83, 5, 2, 'A', 3, '2008-01-15 02:20:50'),
(1978, 31, 83, 10, 2, 'B', 3, '2008-01-15 02:20:52'),
(1979, 9, 83, 10, 2, 'A', 3, '2008-01-15 02:20:55'),
(1980, 24, 83, 1, 2, 'C', 3, '2008-01-15 02:20:57'),
(1981, 36, 83, 11, 2, 'A', 3, '2008-01-15 02:20:59'),
(1982, 3, 83, 7, 2, 'A', 3, '2008-01-15 02:21:03'),
(1983, 25, 83, 2, 2, 'A', 3, '2008-01-15 02:21:06'),
(1984, 34, 83, 4, 2, 'A', 3, '2008-01-15 02:21:58'),
(1985, 28, 83, 11, 3, '', 2, '2008-01-15 04:23:19'),
(1986, 32, 83, 3, 3, '', 2, '2008-01-15 04:23:17'),
(1987, 78, 83, 3, 3, '', 2, '2008-01-15 04:23:14'),
(1988, 26, 83, 5, 3, '', 2, '2008-01-15 04:23:11'),
(1989, 29, 83, 9, 3, '', 2, '2008-01-15 04:23:08'),
(1990, 76, 83, 5, 3, '', 2, '2008-01-15 04:23:05'),
(1991, 59, 83, 11, 3, '', 2, '2008-01-15 04:23:03'),
(1992, 8, 83, 12, 3, '', 2, '2008-01-15 04:23:01'),
(1993, 22, 84, 11, 1, 'A', 3, '2008-01-15 02:12:04'),
(1994, 11, 84, 16, 1, 'A', 3, '2008-01-15 02:12:06'),
(1995, 21, 84, 7, 1, 'A', 3, '2008-01-15 02:12:10'),
(1996, 23, 84, 13, 1, 'B', 3, '2008-01-15 02:12:13'),
(1997, 18, 84, 4, 1, 'B', 3, '2008-01-15 02:12:15'),
(1998, 19, 84, 16, 1, 'B', 3, '2008-01-15 02:12:18'),
(1999, 20, 84, 10, 1, 'C', 3, '2008-01-15 02:12:22'),
(2000, 27, 84, 1, 1, 'B', 3, '2008-01-15 02:12:25'),
(2001, 37, 84, 5, 2, 'A', 3, '2008-01-15 02:20:50'),
(2002, 31, 84, 10, 2, 'B', 3, '2008-01-15 02:20:52'),
(2003, 9, 84, 10, 2, 'A', 3, '2008-01-15 02:20:55'),
(2004, 24, 84, 1, 2, 'C', 3, '2008-01-15 02:20:57');
INSERT INTO `tbl_kontrak` (`kontrak_id`, `mk_id`, `mhs_id`, `dsn_id`, `kontrak_semester`, `kontrak_nilai`, `kontrak_status`, `kontrak_waktu`) VALUES
(2005, 36, 84, 11, 2, 'A', 3, '2008-01-15 02:20:59'),
(2006, 3, 84, 7, 2, 'A', 3, '2008-01-15 02:21:03'),
(2007, 25, 84, 2, 2, 'A', 3, '2008-01-15 02:21:06'),
(2008, 34, 84, 4, 2, 'A', 3, '2008-01-15 02:21:58'),
(2009, 28, 84, 11, 3, '', 2, '2008-01-15 04:23:19'),
(2010, 32, 84, 3, 3, '', 2, '2008-01-15 04:23:17'),
(2011, 78, 84, 3, 3, '', 2, '2008-01-15 04:23:14'),
(2012, 26, 84, 5, 3, '', 2, '2008-01-15 04:23:11'),
(2013, 29, 84, 9, 3, '', 2, '2008-01-15 04:23:08'),
(2014, 76, 84, 5, 3, '', 2, '2008-01-15 04:23:05'),
(2015, 59, 84, 11, 3, '', 2, '2008-01-15 04:23:03'),
(2016, 8, 84, 12, 3, '', 2, '2008-01-15 04:23:01'),
(2017, 22, 85, 11, 1, 'A', 3, '2008-01-15 02:12:04'),
(2018, 11, 85, 16, 1, 'A', 3, '2008-01-15 02:12:06'),
(2019, 21, 85, 7, 1, 'A', 3, '2008-01-15 02:12:10'),
(2020, 23, 85, 13, 1, 'B', 3, '2008-01-15 02:12:13'),
(2021, 18, 85, 4, 1, 'B', 3, '2008-01-15 02:12:15'),
(2022, 19, 85, 16, 1, 'B', 3, '2008-01-15 02:12:18'),
(2023, 20, 85, 10, 1, 'C', 3, '2008-01-15 02:12:22'),
(2024, 27, 85, 1, 1, 'B', 3, '2008-01-15 02:12:25'),
(2025, 37, 85, 5, 2, 'A', 3, '2008-01-15 02:20:50'),
(2026, 31, 85, 10, 2, 'B', 3, '2008-01-15 02:20:52'),
(2027, 9, 85, 10, 2, 'A', 3, '2008-01-15 02:20:55'),
(2028, 24, 85, 1, 2, 'C', 3, '2008-01-15 02:20:57'),
(2029, 36, 85, 11, 2, 'A', 3, '2008-01-15 02:20:59'),
(2030, 3, 85, 7, 2, 'A', 3, '2008-01-15 02:21:03'),
(2031, 25, 85, 2, 2, 'A', 3, '2008-01-15 02:21:06'),
(2032, 34, 85, 4, 2, 'A', 3, '2008-01-15 02:21:58'),
(2033, 28, 85, 11, 3, '', 2, '2008-01-15 04:23:19'),
(2034, 32, 85, 3, 3, '', 2, '2008-01-15 04:23:17'),
(2035, 78, 85, 3, 3, '', 2, '2008-01-15 04:23:14'),
(2036, 26, 85, 5, 3, '', 2, '2008-01-15 04:23:11'),
(2037, 29, 85, 9, 3, '', 2, '2008-01-15 04:23:08'),
(2038, 76, 85, 5, 3, 'A', 3, '2008-01-15 04:23:05'),
(2039, 59, 85, 11, 3, '', 2, '2008-01-15 04:23:03'),
(2040, 8, 85, 12, 3, '', 2, '2008-01-15 04:23:01'),
(2041, 22, 86, 11, 1, 'A', 3, '2008-01-15 02:12:04'),
(2042, 11, 86, 16, 1, 'A', 3, '2008-01-15 02:12:06'),
(2043, 21, 86, 7, 1, 'A', 3, '2008-01-15 02:12:10'),
(2044, 23, 86, 13, 1, 'B', 3, '2008-01-15 02:12:13'),
(2045, 18, 86, 4, 1, 'B', 3, '2008-01-15 02:12:15'),
(2046, 19, 86, 16, 1, 'B', 3, '2008-01-15 02:12:18'),
(2047, 20, 86, 10, 1, 'C', 3, '2008-01-15 02:12:22'),
(2048, 27, 86, 1, 1, 'B', 3, '2008-01-15 02:12:25'),
(2049, 37, 86, 5, 2, 'A', 3, '2008-01-15 02:20:50'),
(2050, 31, 86, 10, 2, 'B', 3, '2008-01-15 02:20:52'),
(2051, 9, 86, 10, 2, 'A', 3, '2008-01-15 02:20:55'),
(2052, 24, 86, 1, 2, 'C', 3, '2008-01-15 02:20:57'),
(2053, 36, 86, 11, 2, 'A', 3, '2008-01-15 02:20:59'),
(2054, 3, 86, 7, 2, 'A', 3, '2008-01-15 02:21:03'),
(2055, 25, 86, 2, 2, 'A', 3, '2008-01-15 02:21:06'),
(2056, 34, 86, 4, 2, 'A', 3, '2008-01-15 02:21:58'),
(2057, 28, 86, 11, 3, '', 2, '2008-01-15 04:23:19'),
(2058, 32, 86, 3, 3, '', 2, '2008-01-15 04:23:17'),
(2059, 78, 86, 3, 3, '', 2, '2008-01-15 04:23:14'),
(2060, 26, 86, 5, 3, '', 2, '2008-01-15 04:23:11'),
(2061, 29, 86, 9, 3, '', 2, '2008-01-15 04:23:08'),
(2062, 76, 86, 5, 3, '', 2, '2008-01-15 04:23:05'),
(2063, 59, 86, 11, 3, '', 2, '2008-01-15 04:23:03'),
(2064, 8, 86, 12, 3, '', 2, '2008-01-15 04:23:01'),
(2065, 22, 87, 11, 1, 'A', 3, '2008-01-15 02:12:04'),
(2066, 11, 87, 16, 1, 'A', 3, '2008-01-15 02:12:06'),
(2067, 21, 87, 7, 1, 'A', 3, '2008-01-15 02:12:10'),
(2068, 23, 87, 13, 1, 'B', 3, '2008-01-15 02:12:13'),
(2069, 18, 87, 4, 1, 'B', 3, '2008-01-15 02:12:15'),
(2070, 19, 87, 16, 1, 'B', 3, '2008-01-15 02:12:18'),
(2071, 20, 87, 10, 1, 'C', 3, '2008-01-15 02:12:22'),
(2072, 27, 87, 1, 1, 'B', 3, '2008-01-15 02:12:25'),
(2073, 37, 87, 5, 2, 'A', 3, '2008-01-15 02:20:50'),
(2074, 31, 87, 10, 2, 'B', 3, '2008-01-15 02:20:52'),
(2075, 9, 87, 10, 2, 'A', 3, '2008-01-15 02:20:55'),
(2076, 24, 87, 1, 2, 'C', 3, '2008-01-15 02:20:57'),
(2077, 36, 87, 11, 2, 'A', 3, '2008-01-15 02:20:59'),
(2078, 3, 87, 7, 2, 'A', 3, '2008-01-15 02:21:03'),
(2079, 25, 87, 2, 2, 'A', 3, '2008-01-15 02:21:06'),
(2080, 34, 87, 4, 2, 'A', 3, '2008-01-15 02:21:58'),
(2081, 28, 87, 11, 3, '', 2, '2008-01-15 04:23:19'),
(2082, 32, 87, 3, 3, '', 2, '2008-01-15 04:23:17'),
(2083, 78, 87, 3, 3, '', 2, '2008-01-15 04:23:14'),
(2084, 26, 87, 5, 3, '', 2, '2008-01-15 04:23:11'),
(2085, 29, 87, 9, 3, '', 2, '2008-01-15 04:23:08'),
(2086, 76, 87, 5, 3, '', 2, '2008-01-15 04:23:05'),
(2087, 59, 87, 11, 3, '', 2, '2008-01-15 04:23:03'),
(2088, 8, 87, 12, 3, '', 2, '2008-01-15 04:23:01'),
(2089, 22, 88, 11, 1, 'A', 3, '2008-01-15 02:12:04'),
(2090, 11, 88, 16, 1, 'A', 3, '2008-01-15 02:12:06'),
(2091, 21, 88, 7, 1, 'A', 3, '2008-01-15 02:12:10'),
(2092, 23, 88, 13, 1, 'B', 3, '2008-01-15 02:12:13'),
(2093, 18, 88, 4, 1, 'B', 3, '2008-01-15 02:12:15'),
(2094, 19, 88, 16, 1, 'B', 3, '2008-01-15 02:12:18'),
(2095, 20, 88, 10, 1, 'C', 3, '2008-01-15 02:12:22'),
(2096, 27, 88, 1, 1, 'B', 3, '2008-01-15 02:12:25'),
(2097, 37, 88, 5, 2, 'A', 3, '2008-01-15 02:20:50'),
(2098, 31, 88, 10, 2, 'B', 3, '2008-01-15 02:20:52'),
(2099, 9, 88, 10, 2, 'A', 3, '2008-01-15 02:20:55'),
(2100, 24, 88, 1, 2, 'C', 3, '2008-01-15 02:20:57'),
(2101, 36, 88, 11, 2, 'A', 3, '2008-01-15 02:20:59'),
(2102, 3, 88, 7, 2, 'A', 3, '2008-01-15 02:21:03'),
(2103, 25, 88, 2, 2, 'A', 3, '2008-01-15 02:21:06'),
(2104, 34, 88, 4, 2, 'A', 3, '2008-01-15 02:21:58'),
(2105, 28, 88, 11, 3, '', 2, '2008-01-15 04:23:19'),
(2106, 32, 88, 3, 3, '', 2, '2008-01-15 04:23:17'),
(2107, 78, 88, 3, 3, '', 2, '2008-01-15 04:23:14'),
(2108, 26, 88, 5, 3, 'A', 3, '2008-01-15 04:23:11'),
(2109, 29, 88, 9, 3, '', 2, '2008-01-15 04:23:08'),
(2110, 76, 88, 5, 3, '', 2, '2008-01-15 04:23:05'),
(2111, 59, 88, 11, 3, '', 2, '2008-01-15 04:23:03'),
(2112, 8, 88, 12, 3, '', 2, '2008-01-15 04:23:01');

-- --------------------------------------------------------

--
-- Table structure for table `tbl_mahasiswa`
--

CREATE TABLE `tbl_mahasiswa` (
  `mhs_id` int(11) NOT NULL auto_increment,
  `usr_id` int(11) NOT NULL,
  `dsn_id` int(11) NOT NULL,
  `mhs_nim` varchar(15) collate latin1_general_ci NOT NULL,
  `mhs_angkatan` varchar(10) collate latin1_general_ci NOT NULL,
  `mhs_semester` tinyint(4) NOT NULL,
  `ortu_ayah` varchar(30) collate latin1_general_ci NOT NULL,
  `ortu_ibu` varchar(30) collate latin1_general_ci NOT NULL,
  `ortu_job_ayah` varchar(30) collate latin1_general_ci NOT NULL,
  `ortu_job_ibu` varchar(30) collate latin1_general_ci NOT NULL,
  `ortu_penghasilan` varchar(100) collate latin1_general_ci NOT NULL,
  `ortu_kontak` varchar(30) collate latin1_general_ci NOT NULL,
  `ortu_email` varchar(30) collate latin1_general_ci NOT NULL,
  PRIMARY KEY  (`mhs_id`),
  UNIQUE KEY `usr_id` (`usr_id`),
  UNIQUE KEY `mhs_nim` (`mhs_nim`)
) ENGINE=MyISAM  DEFAULT CHARSET=latin1 COLLATE=latin1_general_ci AUTO_INCREMENT=90 ;

--
-- Dumping data for table `tbl_mahasiswa`
--

INSERT INTO `tbl_mahasiswa` (`mhs_id`, `usr_id`, `dsn_id`, `mhs_nim`, `mhs_angkatan`, `mhs_semester`, `ortu_ayah`, `ortu_ibu`, `ortu_job_ayah`, `ortu_job_ibu`, `ortu_penghasilan`, `ortu_kontak`, `ortu_email`) VALUES
(2, 1, 1, '060046', '2006', 3, '', '', '', '', '0', '', ''),
(3, 2, 1, '060064', '2006', 3, '', '', '', '', '0', '', ''),
(4, 3, 1, '060144', '2006', 3, '', '', '', '', '0', '', ''),
(5, 4, 3, '060158', '2006', 3, 'Siapa aja', 'Siapa aja', 'hai', 'hai', 'kurang dari 2 juta', '156454', ''),
(6, 5, 1, '060206', '2006', 3, '', '', '', '', '0', '', ''),
(7, 6, 1, '060211', '2006', 3, '', '', '', '', '0', '', ''),
(8, 7, 1, '060320', '2006', 3, '', '', '', '', '0', '', ''),
(9, 8, 1, '060380', '2006', 3, '', '', '', '', '0', '', ''),
(10, 9, 1, '060414', '2006', 3, '', '', '', '', '0', '', ''),
(11, 10, 1, '060457', '2006', 3, '', '', '', '', '0', '', ''),
(12, 11, 1, '060616', '2006', 3, 'DRS.H.UDING SILAHUDIN ALI', 'DRA. HJ. IIS', 'WIRAUSAHAWAN', 'PNS (GURU)', '0', '022-5404221', ''),
(13, 12, 1, '060622', '2006', 3, '', '', '', '', '0', '', ''),
(14, 13, 1, '060627', '2006', 3, '', '', '', '', '0', '', ''),
(15, 14, 1, '060696', '2006', 3, '', '', '', '', '0', '', ''),
(16, 15, 1, '060697', '2006', 3, '', '', '', '', '0', '', ''),
(17, 16, 1, '060762', '2006', 3, '', '', '', '', '0', '', ''),
(18, 17, 1, '060774', '2006', 3, '', '', '', '', '0', '', ''),
(19, 18, 1, '060777', '2006', 3, 'as', 'g', 'g', 'g', 'kurang dari 2 juta', 'g', 'g'),
(20, 19, 1, '060834', '2006', 3, '', '', '', '', '0', '', ''),
(21, 20, 1, '060845', '2006', 3, '', '', '', '', '0', '', ''),
(22, 21, 1, '060855', '2006', 3, '', '', '', '', '0', '', ''),
(23, 22, 1, '060858', '2006', 3, '', '', '', '', '0', '', ''),
(24, 23, 1, '060873', '2006', 3, '', '', '', '', '0', '', ''),
(25, 24, 1, '060918', '2006', 3, '', '', '', '', '0', '', ''),
(26, 25, 1, '060936', '2006', 3, '', '', '', '', '0', '', ''),
(27, 26, 1, '060938', '2006', 3, '', '', '', '', '0', '', ''),
(28, 27, 11, '0605854', '2006', 3, '', '', '', '', '0', '', ''),
(29, 28, 11, '0606101', '2006', 3, '', '', '', '', '0', '', ''),
(30, 29, 11, '0606149', '2006', 3, '', '', '', '', '0', '', ''),
(31, 30, 11, '0606932', '2006', 3, '', '', '', '', '0', '', ''),
(32, 31, 11, '0606406', '2006', 3, '', '', '', '', '0', '', ''),
(33, 32, 11, '0607554', '2006', 3, '', '', '', '', '0', '', ''),
(34, 33, 11, '0607680', '2006', 3, '', '', '', '', '0', '', ''),
(35, 34, 11, '0607699', '2006', 3, '', '', '', '', '0', '', ''),
(36, 35, 11, '0607900', '2006', 3, '', '', '', '', '0', '', ''),
(37, 36, 11, '0607998', '2006', 3, '', '', '', '', '0', '', ''),
(39, 37, 11, '0608075', '2006', 3, '', '', '', '', '0', '', ''),
(40, 38, 11, '0608335', '2006', 3, '', '', '', '', '0', '', ''),
(41, 39, 11, '0608367', '2006', 3, '', '', '', '', '0', '', ''),
(42, 40, 5, '0608471', '2006', 3, '', '', '', '', '0', '', ''),
(43, 41, 5, '0608474', '2006', 3, '', '', '', '', '0', '', ''),
(44, 42, 5, '0608483', '2006', 3, '', '', '', '', '0', '', ''),
(45, 43, 5, '0608488', '2006', 3, '', '', '', '', '0', '', ''),
(46, 44, 5, '0608490', '2006', 3, '', '', '', '', '0', '', ''),
(47, 45, 5, '0608491', '2006', 3, '', '', '', '', '0', '', ''),
(48, 46, 5, '0608492', '2006', 3, '', '', '', '', '0', '', ''),
(49, 47, 5, '0608494', '2006', 3, '', '', '', '', '0', '', ''),
(50, 48, 5, '0608501', '2006', 3, '', '', '', '', '0', '', ''),
(51, 49, 5, '0608502', '2006', 3, '', '', '', '', '0', '', ''),
(52, 50, 5, '0608507', '2006', 3, '', '', '', '', '0', '', ''),
(53, 51, 5, '0608508', '2006', 3, '', '', '', '', '0', '', ''),
(54, 52, 5, '0608510', '2006', 3, '', '', '', '', '0', '', ''),
(55, 53, 5, '0608512', '2006', 3, '', '', '', '', '0', '', ''),
(56, 54, 5, '0608514', '2006', 3, '', '', '', '', '0', '', ''),
(57, 55, 5, '0608527', '2006', 3, '', '', '', '', '0', '', ''),
(58, 56, 5, '0608531', '2006', 3, '', '', '', '', '0', '', ''),
(59, 57, 5, '0608532', '2006', 3, '', '', '', '', '0', '', ''),
(60, 58, 5, '0608534', '2006', 3, '', '', '', '', '0', '', ''),
(61, 59, 5, '0608537', '2006', 3, '', '', '', '', '0', '', ''),
(62, 60, 5, '0608540', '2006', 3, 'Ayaku', 'Ibuku', 'PNS', 'Ibu Rumah Tangga', 'kurang dari 2 juta', '085933454', 'dad@mail.com'),
(63, 61, 5, '0608542', '2006', 3, '', '', '', '', '0', '', ''),
(64, 62, 5, '0608548', '2006', 3, '', '', '', '', '0', '', ''),
(65, 63, 5, '0608553', '2006', 3, '', '', '', '', '0', '', ''),
(66, 64, 5, '0608555', '2006', 3, '', '', '', '', '0', '', ''),
(67, 65, 5, '0608562', '2006', 3, '', '', '', '', '0', '', ''),
(68, 66, 5, '0608576', '2006', 3, '', '', '', '', '0', '', ''),
(69, 67, 5, '0608580', '2006', 3, '', '', '', '', '0', '', ''),
(70, 68, 5, '0608582', '2006', 3, '', '', '', '', '0', '', ''),
(71, 69, 5, '0608585', '2006', 3, 'DRS. H. ADE SAEFUDDIN M.PD.', 'HJ. NANI BAHJAH NURONI M.', 'PNS (GURU)', 'IBU RUMAH TANGGA', 'kurang dari 2 juta', '022-5407689', 'adesaefudin@yahoo.com'),
(72, 70, 5, '0608589', '2006', 3, '', '', '', '', '0', '', ''),
(73, 71, 4, '0608595', '2006', 3, '', '', '', '', '0', '', ''),
(74, 72, 4, '0608601', '2006', 3, 'Ibu', 'Bapak', 'ga tau', 'ga tau', 'kurang dari 2 juta', '022-6673036', 'Komp Cibogo Permai Jl Permai V'),
(75, 73, 4, '0608616', '2006', 3, '', '', '', '', '0', '', ''),
(76, 74, 4, '0608618', '2006', 3, '', '', '', '', '0', '', ''),
(77, 75, 4, '0608626', '2006', 3, '', '', '', '', '0', '', ''),
(78, 76, 4, '0608627', '2006', 3, '', '', '', '', '0', '', ''),
(79, 77, 4, '0608637', '2006', 3, '', '', '', '', '0', '', ''),
(80, 78, 4, '0608645', '2006', 3, '', '', '', '', '0', '', ''),
(81, 79, 4, '0608648', '2006', 3, '', '', '', '', '0', '', ''),
(82, 80, 4, '0608667', '2006', 3, '', '', '', '', '0', '', ''),
(83, 81, 4, '0608675', '2006', 3, '', '', '', '', '0', '', ''),
(84, 82, 4, '0608681', '2006', 3, '', '', '', '', '0', '', ''),
(85, 83, 4, '0508684', '2006', 3, '', '', '', '', '0', '', ''),
(86, 84, 4, '0608686', '2006', 3, '', '', '', '', '0', '', ''),
(87, 85, 4, '0608688', '2006', 3, '', '', '', '', '0', '', ''),
(88, 86, 4, '0608690', '2006', 3, '', '', '', '', '0', '', ''),
(1, 87, 4, '0608708', '2006', 3, '', '', '', '', '0', '', '');

-- --------------------------------------------------------

--
-- Table structure for table `tbl_matakuliah`
--

CREATE TABLE `tbl_matakuliah` (
  `mk_id` int(11) NOT NULL auto_increment,
  `mk_kode` varchar(10) collate latin1_general_ci NOT NULL,
  `mk_jenis` varchar(100) collate latin1_general_ci NOT NULL,
  `mk_sks` int(11) NOT NULL,
  `mk_semester` tinyint(4) NOT NULL,
  `mk_nama` varchar(100) collate latin1_general_ci NOT NULL,
  `mk_desc` text collate latin1_general_ci NOT NULL,
  PRIMARY KEY  (`mk_id`),
  UNIQUE KEY `mk_kode` (`mk_kode`)
) ENGINE=MyISAM  DEFAULT CHARSET=latin1 COLLATE=latin1_general_ci AUTO_INCREMENT=88 ;

--
-- Dumping data for table `tbl_matakuliah`
--

INSERT INTO `tbl_matakuliah` (`mk_id`, `mk_kode`, `mk_jenis`, `mk_sks`, `mk_semester`, `mk_nama`, `mk_desc`) VALUES
(13, 'KU301', 'MKU', 2, 6, 'SEMINAR PENDIDIKAN AGAMA KRIST', ''),
(3, 'KU100', 'MKU', 2, 2, 'PENDIDIKAN AGAMA ISLAM', ''),
(4, 'KU101', 'MKU', 2, 2, 'PENDIDIKAN AGAMA KRISTEN PROTE', ''),
(5, 'KU102', 'MKU', 2, 2, 'PENDIDIKAN AGAMA KATOLIK', ''),
(6, 'KU103', 'MKU', 2, 2, 'PENDIDIKAN AGAMA HINDU', ''),
(7, 'KU104', 'MKU', 2, 2, 'PENDIDIKAN AGAMA BUDHA', ''),
(8, 'KU105', 'MKU', 2, 3, 'PENDIDIKAN KEWARGANEGARAAN', ''),
(9, 'KU106', 'MKU', 2, 2, 'PENDIDIKAN BAHASA INDONESIA', ''),
(10, 'KU107', 'MKU', 2, 5, 'PENDIDIKAN LINGKUNGAN SOSIAL, ', ''),
(11, 'KU108', 'MKU', 2, 1, 'PENDIDIKAN JASMANI DAN OLAHRAG', ''),
(12, 'KU300', 'MKU', 2, 6, 'SEMINAR PENDIDIKAN AGAMA ISLAM', ''),
(14, 'KU302', 'MKU', 2, 6, 'SEMINAR PENDIDIKAN AGAMA KATOL', ''),
(15, 'KU303', 'MKU', 2, 6, 'SEMINAR PENDIDIKAN AGAMA HINDU', ''),
(16, 'KU304', 'MKU', 2, 6, 'SEMINAR PENDIDIKAN AGAMA BUDHA', ''),
(17, 'KU400', 'MKU', 2, 6, 'KULIAH KERJA NYATA(KKN)', ''),
(18, 'MA300', 'MKK', 3, 1, 'MATEMATIKA DASAR', ''),
(19, 'MA301', 'MKK', 3, 1, 'FISIKA UMUM', ''),
(20, 'MA302', 'MKK', 3, 1, 'KIMIA UMUM', ''),
(21, 'MA303', 'MKK', 3, 1, 'BIOLOGI UMUM', ''),
(22, 'IK300', 'MKK-PRODI', 2, 1, 'PENGANTAR TEKNOLOGI INFORMASI', ''),
(23, 'IK301', 'MKK-PRODI', 2, 1, 'KONSEP TEKNOLOGI', ''),
(24, 'IK302', 'MKK-PRODI', 2, 2, 'BAHASA INGGRIS', ''),
(25, 'IK310', 'MKK-PRODI', 2, 2, 'ALGORITMA DAN PEMROGRAMAN I', ''),
(26, 'IK311', 'MKK-PRODI', 3, 3, 'ALGORITMA DAN PEMROGRAMAN II', ''),
(27, 'IK320', 'MKK-PRODI', 2, 2, 'RANGKAIAN ELEKTRONIKA', ''),
(28, 'IK321', 'MKK-PRODI', 3, 3, 'SISTEM DIGITAL', ''),
(29, 'IK330', 'MKK-PRODI', 2, 3, 'BASIS DATA', ''),
(30, 'IK331', 'MKK-PRODI', 3, 4, 'SISTEMBASIS DATA', ''),
(31, 'IK350', 'MKK-PRODI', 3, 2, 'KALKULUS', ''),
(32, 'IK351', 'MKK-PRODI', 3, 3, 'MATEMATIKA DISKRET', ''),
(33, 'IK352', 'MKK-PRODI', 3, 4, 'ALJABAR LINEAR DAN MATRIKS', ''),
(34, 'IK353', 'MKK-PRODI', 3, 4, 'STATISTIKA', ''),
(35, 'IK370', 'MKK-PRODI', 3, 4, 'REKAYASA PERANGKAT LUNAK', ''),
(36, 'IK380', 'MKK-PRODI', 3, 2, 'PEMROGRAMAN VISUAL', ''),
(37, 'IK410', 'MKK-PRODI', 3, 2, 'STRUKTUR DATA', ''),
(38, 'IK420', 'MKK-PRODI', 3, 4, 'ARSITEKTUR DAN ORGANISASI KOMP', ''),
(39, 'IK421', 'MKK-PRODI', 3, 5, 'JARINGAN KOMPUTER', ''),
(40, 'IK422', 'MKK-PRODI', 4, 5, 'SISTEM OPERASI', ''),
(41, 'IK451', 'MKK-PRODI', 3, 5, 'METODE NUMERIK', ''),
(42, 'IK452', 'MKK-PRODI', 3, 6, 'TEORI BAHASA DAN AUTOMATA ', ''),
(43, 'IK470', 'MKK-PRODI', 3, 5, 'MANAJEMEN PROYEK PERANGKAT LUN', ''),
(44, 'IK480', 'MKK-PRODI', 2, 6, 'PEMROGRAMAN INTERNET', ''),
(45, 'IK490', 'MKK-PRODI', 3, 6, 'TEKNIK RISET OPERASI', ''),
(46, 'IK491', 'MKK-PRODI', 3, 8, 'KAPITA SELEKTA', ''),
(47, 'IK492', 'MKK-PRODI', 3, 7, 'SEMINAR', ''),
(48, 'IK494', 'MKK-PRODI', 2, 7, 'KEWIRAUSAHAAN', ''),
(49, 'IK540', 'MKK-PRODI', 3, 7, 'INTERAKSI MANUSIA DAN KOMPUTER', ''),
(50, 'IK598', 'MKK-PRODI', 6, 8, 'SKRIPSI', ''),
(51, 'IK599', 'MKK-PRODI', 0, 8, 'UJIAN SIDANG', ''),
(52, 'IK411', 'MKP', 3, 4, 'ANALISIS DAN DISAIN ALGORITMA', ''),
(53, 'IK412', 'MKP', 3, 6, 'KRIPTOGRAFI DAN KEAMANAN INFOR', ''),
(54, 'IK430', 'MKP', 3, 7, 'BASIS DATA NON RELASIONAL', ''),
(55, 'IK431', 'MKP', 3, 7, 'BASIS DATA TERDISTRIBUSI', ''),
(56, 'IK433', 'MKP', 3, 7, 'SISTEM PENDUKUNG KEPUTUSAN', ''),
(57, 'IK440', 'MKP', 3, 6, 'TEKNIK MULTIMEDIA', ''),
(58, 'IK442', 'MKP', 3, 6, 'APLIKASI KOMPUTER GRAFIS', ''),
(59, 'IK443', 'MKP', 2, 3, 'PENGAJARAN BERBASIS KOMPUTER', ''),
(60, 'IK461', 'MKP', 3, 7, 'SISTEM CERDAS', ''),
(61, 'IK481', 'MKP', 3, 7, 'PEMROGRAMAN BERORIENTASI OBJEK', ''),
(62, 'IK493', 'MKP', 2, 7, 'KOMPUTER DAN MASYARAKAT', ''),
(63, 'IK510', 'MKP', 3, 7, 'TEKNIK KOMPILASI', ''),
(64, 'IK511', 'MKP', 3, 7, 'TEKNIK KOMUNIKASI DATA', ''),
(65, 'IK520', 'MKP', 3, 6, 'SISTEM TERDISTRIBUSI', ''),
(66, 'IK521', 'MKP', 3, 8, 'TEKNIK INTERFACING', ''),
(67, 'IK522', 'MKP', 3, 8, 'MIKROELEKTRONIKA', ''),
(68, 'IK523', 'MKP', 3, 8, 'RANCANGAN SISTEM DIGITAL', ''),
(69, 'IK531', 'MKP', 3, 6, 'SISTEM INFORMASI PENDIDIKAN', ''),
(70, 'IK532', 'MKP', 3, 8, 'SISTEM INFORMASI AKUNTANSI', ''),
(71, 'IK533', 'MKP', 2, 4, 'SISTEM INFORMASI GEOGRAFIS', ''),
(72, 'IK551', 'MKP', 3, 6, 'TEKNIK SIMULASI DAN PEMODELAN', ''),
(73, 'IK560', 'MKP', 3, 7, 'KONTROL DAN ROBOTIKA', ''),
(74, 'IK580', 'MKP', 3, 6, 'E-LEARNING', ''),
(75, 'IK581', 'MKP', 3, 7, 'E-BISNIS', ''),
(76, 'IK340', 'MKDA', 2, 3, 'DISAIN WEB', ''),
(77, 'IK441', 'MKDA', 3, 7, 'GRAFIKA KOMPUTER', ''),
(78, 'IK450', 'MKDA', 2, 3, 'LOGIKA INFORMATIKA', ''),
(79, 'IK432', 'MKKA', 3, 4, 'METODOLOGI BERORIENTSI OBJEK', ''),
(80, 'IK460', 'MKKA', 3, 5, 'KECERDASAN BUATAN', ''),
(81, 'IK530', 'MKKA', 3, 7, 'SISTEM INFORMASI', ''),
(82, 'IK543', 'MKKA', 3, 4, 'MOBILE COMPUTING', ''),
(83, 'IK550', 'MKKA', 3, 7, 'PERSAMAAN DIFERENSIAL', ''),
(84, 'IK561', 'MKKA', 3, 5, 'INTERPRETASI DAN PENGOLAHAN CI', ''),
(85, 'IK570', 'MKKA', 3, 5, 'GAME PROGRAMMING', ''),
(86, 'IK571', 'MKKA', 3, 5, 'DATA WAREHOUSE DAN MINING', ''),
(87, 'IK591', 'MKLA', 2, 6, 'PROGRAM LATIHAN AKADEMIK', '');

-- --------------------------------------------------------

--
-- Table structure for table `tbl_mk_dsn`
--

CREATE TABLE `tbl_mk_dsn` (
  `id` int(11) NOT NULL auto_increment,
  `mk_id` int(11) NOT NULL,
  `dsn_id` int(11) NOT NULL,
  PRIMARY KEY  (`id`)
) ENGINE=MyISAM  DEFAULT CHARSET=latin1 COLLATE=latin1_general_ci AUTO_INCREMENT=105 ;

--
-- Dumping data for table `tbl_mk_dsn`
--

INSERT INTO `tbl_mk_dsn` (`id`, `mk_id`, `dsn_id`) VALUES
(97, 8, 12),
(98, 26, 5),
(104, 59, 11),
(103, 78, 3),
(102, 76, 5),
(101, 32, 3),
(100, 29, 9),
(99, 28, 11);

-- --------------------------------------------------------

--
-- Table structure for table `tbl_mk_syarat`
--

CREATE TABLE `tbl_mk_syarat` (
  `id` int(11) NOT NULL auto_increment,
  `mk_id` int(11) NOT NULL,
  `mk_syarat_id` int(11) NOT NULL,
  PRIMARY KEY  (`id`)
) ENGINE=MyISAM  DEFAULT CHARSET=latin1 COLLATE=latin1_general_ci AUTO_INCREMENT=2 ;

--
-- Dumping data for table `tbl_mk_syarat`
--

INSERT INTO `tbl_mk_syarat` (`id`, `mk_id`, `mk_syarat_id`) VALUES
(1, 26, 25);

-- --------------------------------------------------------

--
-- Table structure for table `tbl_pesan`
--

CREATE TABLE `tbl_pesan` (
  `pesan_id` int(11) NOT NULL auto_increment,
  `usr_id_asal` int(11) NOT NULL,
  `usr_id_tujuan` int(11) NOT NULL,
  `pesan_isi` text collate latin1_general_ci NOT NULL,
  `pesan_status` tinyint(4) NOT NULL,
  PRIMARY KEY  (`pesan_id`)
) ENGINE=MyISAM  DEFAULT CHARSET=latin1 COLLATE=latin1_general_ci AUTO_INCREMENT=58 ;

--
-- Dumping data for table `tbl_pesan`
--

INSERT INTO `tbl_pesan` (`pesan_id`, `usr_id_asal`, `usr_id_tujuan`, `pesan_isi`, `pesan_status`) VALUES
(1, 114, 60, '<b>Entar dulu ya,,,</b>', 1),
(2, 114, 60, 'ya deh..', 1),
(6, 60, 118, '', 0),
(4, 114, 60, 'OK.. diterima,, asalkan kuat aja', 1),
(5, 60, 114, 'hai pak', 1),
(7, 60, 114, 'hai pak...', 1),
(8, 60, 114, '', 1),
(9, 60, 114, 'ya pak', 1),
(13, 69, 60, 'hoi\r\n', 1),
(10, 114, 69, 'Ga bisa ya...', 1),
(11, 114, 69, 'woi....', 1),
(12, 60, 69, 'woi....', 1),
(14, 69, 60, 'hoi\r\n', 1),
(15, 69, 60, 'hoi\r\n', 1),
(16, 69, 60, 'hoi\r\n', 1),
(17, 69, 60, 'kkjashj\r\nkjashjkjashjkjashjkjashjkjashjkjashjkjashj\r\nkjashjkjashjkjashjkjashjkjashjkjashjkjashj\r\nkjashjkjashjkjashjkjashjkjashjkjashjkjashj\r\nkjashjkjashjkjashjkjashjkjashjkjashjkjashj\r\nkjashjkjashjkjashjkjashjkjashjkjashjkjashj\r\nkjashjkjashjkjashjkjashjkjashjkjashjkjashj\r\nkjashjkjashjkjashjkjashjkjashjkjashjkjashj\r\nkjashjkjashjkjashjkjashjkjashjkjashjkjashj\r\nkjashjkjashjkjashjkjashjkjashjkjashjkjashj\r\nkjashjkjashjkjashjkjashjkjashjkjashjkjashj\r\nkjashjkjashjkjashjkjashjkjashjkjashjkjashj\r\nkjashjkjashjkjashjkjashjkjashjkjashjkjashj\r\nkjashjkjashjkjashjkjashjkjashjkjashjkjashj\r\nkjashjkjashjkjashjkjashjkjashjkjashjkjashj\r\nkjashjkjashjkjashjkjashjkjashjkjashjkjashj\r\nkjashjkjashjkjashjkjashjkjashjkjashjkjashj\r\nkjashjkjashjkjashjkjashjkjashjkjashjkjashj\r\nkjashjkjashjkjashjkjashjkjashjkjashjkjashj\r\nkjashjkjashjkjashjkjashjkjashjkjashjkjashj\r\nkjashjkjashjkjashjkjashjkjashjkjashjkjashj\r\nkjashjkjashjkjashjkjashjkjashjkjashjkjashj\r\nkjashjkjashjkjashjkjashjkjashjkjashjkjashj\r\nkjashjkjashjkjashjkjashjkjashjkjashjkjashj\r\nkjashjkjashjkjashjkjashjkjashjkjashjkjashj\r\nkjashjkjashjkjashjkjashjkjashjkjashjkjashj\r\nkjashjkjashjkjashjkjashjkjashjkjashjkjashj\r\nkjashjkjashjkjashjkjashjkjashjkjashjjashj\r\nkjashjkjashjkjashjkjashjkjashjkjashj', 1),
(18, 69, 60, 'asjd', 1),
(19, 69, 60, '', 1),
(20, 69, 60, '', 1),
(21, 69, 60, '', 1),
(22, 69, 60, 'ahsua\r\n', 1),
(23, 69, 60, '', 1),
(24, 69, 48, '<img src="img/smilies/wink.png" border=0/>', 0),
(25, 69, 48, '<img src="img/smilies/big_smile.png" border=0/><img src="img/smilies/cool.png" border=0/><img src="img/smilies/hmm.png" border=0/><img src="img/smilies/lol.png" border=0/><img src="img/smilies/mad.png" border=0/><img src="img/smilies/neutral.png" border=0/><img src="img/smilies/cool.png" border=0/>/<img src="img/smilies/sad.png" border=0/><img src="img/smilies/smile.png" border=0/><img src="img/smilies/wink.png" border=0/>', 0),
(26, 69, 48, '<img src="img/smilies/big_smile.png" border=0/><img src="img/smilies/cool.png" border=0/><img src="img/smilies/hmm.png" border=0/><img src="img/smilies/hmm.png" border=0/><img src="img/smilies/lol.png" border=0/><img src="img/smilies/mad.png" border=0/><img src="img/smilies/neutral.png" border=0/><img src="img/smilies/cool.png" border=0/>/', 0),
(27, 69, 50, '<img src="img/smilies/big_smile.png" border=0/><img src="img/smilies/cool.png" border=0/><img src="img/smilies/hmm.png" border=0/><img src="img/smilies/lol.png" border=0/><img src="img/smilies/mad.png" border=0/><img src="img/smilies/neutral.png" border=0/><img src="img/smilies/roll.png" border=0/><img src="img/smilies/sad.png" border=0/><img src="img/smilies/smile.png" border=0/><img src="img/smilies/wink.png" border=0/>', 1),
(28, 69, 50, '1', 1),
(29, 69, 50, '2', 1),
(30, 69, 50, '3', 1),
(31, 69, 50, '4', 1),
(32, 69, 50, '5', 1),
(33, 50, 69, '6', 1),
(34, 50, 69, '7', 1),
(35, 50, 69, '8', 1),
(36, 50, 69, '9', 1),
(37, 50, 69, '10', 1),
(38, 50, 69, '11', 1),
(39, 50, 69, '12', 1),
(40, 50, 69, '13', 1),
(41, 50, 69, '14', 1),
(42, 69, 50, '15', 0),
(43, 69, 50, '16', 0),
(44, 69, 50, '17', 0),
(45, 69, 50, '18', 0),
(46, 69, 50, '19', 0),
(47, 69, 50, '20', 0),
(48, 69, 50, '21', 0),
(49, 69, 127, '<img src="img/smilies/lol.png" border=0/>', 0),
(50, 69, 123, '<img src="img/smilies/big_smile.png" border=0/><img src="img/smilies/hmm.png" border=0/>', 1),
(54, 110, 4, '<img src="img/smilies/mad.png" border=0/><img src="img/smilies/big_smile.png" border=0/>', 0),
(52, 60, 110, 'hai pak', 1),
(53, 60, 110, 'fdsd<img src="img/smilies/big_smile.png" border=0/>', 1),
(55, 114, 60, '<img src="img/smilies/neutral.png" border=0/>', 1),
(56, 114, 60, 'ok', 1),
(57, 110, 123, '<img src="img/smilies/neutral.png" border=0/><img src="img/smilies/wink.png" border=0/>', 0);

-- --------------------------------------------------------

--
-- Table structure for table `tbl_settings`
--

CREATE TABLE `tbl_settings` (
  `set_option` varchar(255) collate latin1_general_ci NOT NULL,
  `set_value` text collate latin1_general_ci NOT NULL,
  PRIMARY KEY  (`set_option`)
) ENGINE=MyISAM DEFAULT CHARSET=latin1 COLLATE=latin1_general_ci;

--
-- Dumping data for table `tbl_settings`
--

INSERT INTO `tbl_settings` (`set_option`, `set_value`) VALUES
('prodi', 'Program Studi Ilmu Komputer'),
('universitas', 'Universitas Pendidikan Indonesia <br> Demo Akhir Semester'),
('url_logo', 'img/misc/logo.jpg'),
('sambutan', '<h1>Selamat Datang</h1>\r\n<p>\r\nSelamat datang di Sistem Informasi Perwalian. Sebagai langkah wal, silhakan mengisi fom login disamping.\r\n<br/><br/>\r\nO ya, tidak lupa kami memperkenalkan diri, anggota kelompok:<br/>\r\n<ul>\r\n<li>Ata</li>\r\n\r\n<li>Tia</li>\r\n\r\n<li>Ijonk</li>\r\n\r\n<li>Minda</li>\r\n\r\n<li>Lingga</li>\r\n</ul>\r\n</p>');

-- --------------------------------------------------------

--
-- Table structure for table `tbl_users`
--

CREATE TABLE `tbl_users` (
  `usr_id` int(11) NOT NULL auto_increment,
  `usr_login` varchar(30) collate latin1_general_ci NOT NULL,
  `usr_password` varchar(35) collate latin1_general_ci NOT NULL,
  `usr_nama` varchar(50) collate latin1_general_ci NOT NULL,
  `usr_privilege` tinyint(4) NOT NULL,
  `usr_kelamin` varchar(10) collate latin1_general_ci NOT NULL,
  `usr_email` varchar(30) collate latin1_general_ci NOT NULL,
  `usr_kontak` varchar(30) collate latin1_general_ci NOT NULL,
  `usr_last_login` timestamp NOT NULL default CURRENT_TIMESTAMP,
  `usr_url_pic` varchar(100) collate latin1_general_ci NOT NULL default 'img/users/nobody.jpg',
  `usr_desc` text collate latin1_general_ci NOT NULL,
  PRIMARY KEY  (`usr_id`),
  UNIQUE KEY `usr_login` (`usr_login`,`usr_email`)
) ENGINE=MyISAM  DEFAULT CHARSET=latin1 COLLATE=latin1_general_ci AUTO_INCREMENT=154 ;

--
-- Dumping data for table `tbl_users`
--

INSERT INTO `tbl_users` (`usr_id`, `usr_login`, `usr_password`, `usr_nama`, `usr_privilege`, `usr_kelamin`, `usr_email`, `usr_kontak`, `usr_last_login`, `usr_url_pic`, `usr_desc`) VALUES
(1, '060046', 'ac43724f16e9241d990427ab7c8f4228', 'RINA MELIANA', 0, 'PEREMPUAN', '', '', '2007-12-27 12:31:45', 'img/users/nobody.jpg', ''),
(2, '060064', 'ac43724f16e9241d990427ab7c8f4228', 'NURUL FATMAWATI', 0, 'PEREMPUAN', '', '', '2007-12-29 00:08:54', 'img/users/nobody.jpg', ''),
(3, '060144', 'ac43724f16e9241d990427ab7c8f4228', 'SUHATI NOVALIA R.', 0, 'PEREMPUAN', '', '085294554923', '2007-12-29 00:08:54', 'img/users/nobody.jpg', ''),
(4, '060158', 'ac43724f16e9241d990427ab7c8f4228', 'ANISA ROSA PUTRI', 0, 'PEREMPUAN', 'mail@ata.web.id', '081806005224', '2007-12-29 00:08:54', 'img/users/nobody.jpg', 'Apapun yang terjadi'),
(5, '060206', 'ac43724f16e9241d990427ab7c8f4228', 'LILIS SUPARSIH', 0, 'PEREPMPUAN', '', '085923188357', '2007-12-29 00:08:54', 'img/users/nobody.jpg', ''),
(6, '060211', 'ac43724f16e9241d990427ab7c8f4228', 'DIANNURDIANA', 0, 'LAKI-LAKI', '', '085223345679', '2007-12-29 00:08:54', 'img/users/nobody.jpg', ''),
(7, '060320', 'ac43724f16e9241d990427ab7c8f4228', 'IRFAN TAUFIK', 0, 'LAKI-LAKI', '', '0852212268765', '2007-12-29 00:08:54', 'img/users/nobody.jpg', ''),
(8, '060380', 'ac43724f16e9241d990427ab7c8f4228', 'FITRI DENINGSIH', 0, 'PEREMPUAN', '', '', '2007-12-29 00:08:54', 'img/users/nobody.jpg', ''),
(9, '060414', 'ac43724f16e9241d990427ab7c8f4228', 'MINDA NOOR MARCHELINDA', 0, 'PEREMPUAN', '', '', '2007-12-29 00:08:54', 'img/users/nobody.jpg', ''),
(10, '060457', 'ac43724f16e9241d990427ab7c8f4228', 'MUBAROK', 0, 'LAKI-LAKI', '', '', '2007-12-29 00:08:54', 'img/users/nobody.jpg', ''),
(11, '060616', 'ac43724f16e9241d990427ab7c8f4228', 'RIZKA MANARUL FUADAH', 0, 'PEREMPUAN', '', '081321301116', '2007-12-29 00:08:54', 'img/users/nobody.jpg', ''),
(12, '060622', 'ac43724f16e9241d990427ab7c8f4228', 'MARINI EKA PRASETIAWATI', 0, 'PEREMPUAN', '', '', '2007-12-29 00:08:54', 'img/users/nobody.jpg', ''),
(13, '060627', 'ac43724f16e9241d990427ab7c8f4228', 'SITI HUSNUL BARIYAH', 0, 'PEREMPUAN', '', '', '2007-12-29 00:08:54', 'img/users/nobody.jpg', ''),
(14, '060696', 'ac43724f16e9241d990427ab7c8f4228', 'NOVITA RIZKY WIDYAWATI', 0, 'PEREMPUAN', '', '', '2007-12-29 00:08:54', 'img/users/nobody.jpg', ''),
(15, '060697', 'ac43724f16e9241d990427ab7c8f4228', 'FADIANA ANOVA', 0, 'PEREMPUAN', '', '', '2007-12-29 00:08:54', 'img/users/nobody.jpg', ''),
(16, '060762', 'ac43724f16e9241d990427ab7c8f4228', 'UTAMI DEWI  NASTUTI', 0, 'PEREMPUAN', '', '', '2007-12-29 00:08:54', 'img/users/nobody.jpg', ''),
(17, '060774', 'ac43724f16e9241d990427ab7c8f4228', 'ESHA SHEDY F.S.', 0, 'LAKI-LAKI', '', '', '2007-12-30 10:25:58', 'img/users/nobody.jpg', ''),
(18, '060777', 'ac43724f16e9241d990427ab7c8f4228', 'DEASY ROSANTI N.', 0, 'PEREMPUAN', 'she_spy99@yahoo.co.id', '081322087487', '2007-12-30 10:25:58', 'img/users/nobody.jpg', 'jdsh'),
(19, '060834', 'ac43724f16e9241d990427ab7c8f4228', 'RESTI UTAMI', 0, 'PEREMPUAN', '', '', '2007-12-30 10:25:58', 'img/users/nobody.jpg', ''),
(20, '060845', 'ac43724f16e9241d990427ab7c8f4228', 'HERLINDA MARIANTI', 0, 'PEREMPUAN', '', '', '2007-12-30 10:25:58', 'img/users/nobody.jpg', ''),
(21, '060855', 'ac43724f16e9241d990427ab7c8f4228', 'SEPTIN SAPUTRI', 0, 'PEREMPUAN', '', '', '2007-12-30 10:25:58', 'img/users/nobody.jpg', ''),
(22, '060858', 'ac43724f16e9241d990427ab7c8f4228', 'DEWI LESTARI HANDAYANI', 0, 'PEREMPUAN', '', '', '2007-12-30 10:25:58', 'img/users/nobody.jpg', ''),
(23, '060873', 'ac43724f16e9241d990427ab7c8f4228', 'PIPIT SAPITRI SUPRIHATIN', 0, 'PEREMPUAN', '', '', '2007-12-30 10:25:58', 'img/users/nobody.jpg', ''),
(24, '060918', 'ac43724f16e9241d990427ab7c8f4228', 'NUGRAHA RAMADHANY', 0, 'LAKI-LAKI', '', '', '2007-12-30 10:25:58', 'img/users/nobody.jpg', ''),
(25, '060936', 'ac43724f16e9241d990427ab7c8f4228', 'BAKTI FAUZI', 0, 'LAKI-LAKI', '', '', '2007-12-30 10:25:58', 'img/users/nobody.jpg', ''),
(26, '060938', 'ac43724f16e9241d990427ab7c8f4228', 'TESA HAMDA', 0, 'LAKI-LAKI', '', '', '2007-12-30 10:25:58', 'img/users/nobody.jpg', ''),
(27, '0605854', 'ac43724f16e9241d990427ab7c8f4228', 'IMAM WIYANTO', 0, 'LAKI-LAKI', '', '', '2007-12-30 10:37:06', 'img/users/nobody.jpg', ''),
(28, '0606101', 'ac43724f16e9241d990427ab7c8f4228', 'DHARMA SAKAUTAMA', 0, 'LAKI-LAKI', '', '', '2007-12-30 10:37:06', 'img/users/nobody.jpg', ''),
(29, '0606149', 'ac43724f16e9241d990427ab7c8f4228', 'DEVIANA SEPTIAN', 0, 'LAKI-LAKI', '', '', '2007-12-30 10:37:06', 'img/users/nobody.jpg', ''),
(30, '0606392', 'ac43724f16e9241d990427ab7c8f4228', 'YUSUF PRATAMA PUTRA', 0, 'LAKI-LAKI', '', '', '2007-12-30 10:37:06', 'img/users/nobody.jpg', ''),
(31, '0606406', 'ac43724f16e9241d990427ab7c8f4228', 'MUHAMMAD YUSUF KADIR', 0, 'LAKI-LAKI', '', '', '2007-12-30 10:37:06', 'img/users/nobody.jpg', ''),
(32, '0607554', 'ac43724f16e9241d990427ab7c8f4228', 'ZULKIFLI', 0, 'LAKI-LAKI', '', '', '2007-12-30 10:37:06', 'img/users/nobody.jpg', ''),
(33, '0607680', 'ac43724f16e9241d990427ab7c8f4228', 'GHANI HIKMAWAN', 0, 'LAKI-LAKI', '', '081320966956', '2007-12-30 10:37:06', 'img/users/nobody.jpg', ''),
(34, '0607699', 'ac43724f16e9241d990427ab7c8f4228', 'RENALDY FRANSIUS', 0, 'LAKI-LAKI', '', '', '2007-12-30 10:37:06', 'img/users/nobody.jpg', ''),
(35, '0607900', 'ac43724f16e9241d990427ab7c8f4228', 'MUHAMMAD KHASYOGI', 0, 'LAKI-LAKI', '', '085225076891', '2007-12-30 10:37:06', 'img/users/nobody.jpg', ''),
(36, '0607998', 'ac43724f16e9241d990427ab7c8f4228', 'FIKRUL ARFAN', 0, 'LAKI-LAKI', '', '', '2007-12-30 10:37:06', 'img/users/nobody.jpg', ''),
(37, '0608075', 'ac43724f16e9241d990427ab7c8f4228', 'IHSAN KURNIAWAN', 0, 'LAKI-LAKI', '', '085691208580', '2007-12-30 10:46:28', 'img/users/nobody.jpg', ''),
(38, '0608335', 'ac43724f16e9241d990427ab7c8f4228', 'BRATHA PUJAYANA', 0, 'LAKI-LAKI', '', '085659257296', '2007-12-30 10:46:28', 'img/users/nobody.jpg', ''),
(39, '0608367', 'ac43724f16e9241d990427ab7c8f4228', 'PAUSTA YUGIANUS', 0, 'LAKI-LAKI', '', '', '2007-12-30 10:46:28', 'img/users/nobody.jpg', ''),
(40, '0608471', 'ac43724f16e9241d990427ab7c8f4228', 'LUCIANA EMBARSARI', 0, 'PEREMPUAN', '', '0811218013', '2007-12-30 10:46:28', 'img/users/nobody.jpg', ''),
(41, '0608474', 'ac43724f16e9241d990427ab7c8f4228', 'ERI IRAWAN', 0, 'LAKI-LAKI', '', '', '2007-12-30 10:46:28', 'img/users/nobody.jpg', ''),
(42, '0608483', 'ac43724f16e9241d990427ab7c8f4228', 'KRISNA FEBRIANTO', 0, 'LAKI-LAKI', '', '', '2007-12-30 10:46:28', 'img/users/nobody.jpg', ''),
(43, '0608488', 'ac43724f16e9241d990427ab7c8f4228', 'WISNU ANGGARAN', 0, 'LAKI-LAKI', '', '', '2007-12-30 10:46:28', 'img/users/nobody.jpg', ''),
(44, '0608490', 'ac43724f16e9241d990427ab7c8f4228', 'AGUS SAKTI SUNARTO', 0, 'LAKI-LAKI', '', '08999615126', '2007-12-30 10:46:28', 'img/users/nobody.jpg', ''),
(45, '0608491', 'ac43724f16e9241d990427ab7c8f4228', 'ARIEF FIRMANTO', 0, 'LAKI-LAKI', '', '', '2007-12-30 10:46:28', 'img/users/nobody.jpg', ''),
(46, '0608492', 'ac43724f16e9241d990427ab7c8f4228', 'ASEP SYAIFUL MILLAH', 0, 'LAKI-LAKI', '', '08522265369', '2007-12-30 10:46:28', 'img/users/nobody.jpg', ''),
(47, '0608494', 'ac43724f16e9241d990427ab7c8f4228', 'TEJA SOPHISTA V.R.', 0, 'LAKI-LAKI', '', '', '2007-12-30 10:57:07', 'img/users/nobody.jpg', ''),
(48, '0608501', 'ac43724f16e9241d990427ab7c8f4228', 'ADI WIDYAWAN', 0, 'LAKI-LAKI', '', '085659115066', '2007-12-30 10:57:07', 'img/users/nobody.jpg', ''),
(49, '0608502', 'ac43724f16e9241d990427ab7c8f4228', 'RIFKI SUSETYO', 0, 'LAKI-LAKI', '', '085624279180', '2007-12-30 10:57:07', 'img/users/nobody.jpg', ''),
(50, '0608507', 'ac43724f16e9241d990427ab7c8f4228', 'ADE ISMAIL ISNAN', 0, 'LAKI-LAKI', '', '', '2008-01-13 21:48:03', 'img/users/nobody.jpg', ''),
(51, '0608508', 'ac43724f16e9241d990427ab7c8f4228', 'R. SENO ANGGORO A.', 0, 'LAKI-LAKI', '', '', '2007-12-30 10:57:07', 'img/users/nobody.jpg', ''),
(52, '0608510', 'ac43724f16e9241d990427ab7c8f4228', 'ANDRI SURYADI', 0, 'LAKI-LAKI', '', '081321611833', '2007-12-30 10:57:07', 'img/users/nobody.jpg', ''),
(53, '0608512', 'ac43724f16e9241d990427ab7c8f4228', 'TRIPTOFAN MAULIDI KP', 0, 'LAKI-LAKI', '', '', '2007-12-30 10:57:07', 'img/users/nobody.jpg', ''),
(54, '0608514', 'ac43724f16e9241d990427ab7c8f4228', 'EGIE WENDRA A.', 0, 'LAKI-LAKI', '', '085697107156', '2007-12-30 10:57:07', 'img/users/nobody.jpg', ''),
(55, '0608527', 'ac43724f16e9241d990427ab7c8f4228', 'NIKHA AKBARIAH', 0, 'PEREMPUAN', '', '085221157718', '2007-12-30 10:57:07', 'img/users/nobody.jpg', ''),
(56, '0608531', 'ac43724f16e9241d990427ab7c8f4228', 'FAJRI PROFESIO PUTRA', 0, 'LAKI-LAKI', '', '', '2007-12-30 10:57:07', 'img/users/nobody.jpg', ''),
(57, '0608532', 'ac43724f16e9241d990427ab7c8f4228', 'KHAIRIL ANWAR', 0, 'LAKI-LAKI', '', '081322777748', '2007-12-30 11:11:06', 'img/users/nobody.jpg', ''),
(58, '0608534', 'ac43724f16e9241d990427ab7c8f4228', 'RUBI HENJAYA', 0, 'LAKI-LAKI', '', '081395387016', '2007-12-30 11:11:06', 'img/users/nobody.jpg', ''),
(59, '0608537', 'ac43724f16e9241d990427ab7c8f4228', 'RIZKY PROBO T.', 0, 'LAKI-LAKI', '', '', '2007-12-30 11:11:06', 'img/users/nobody.jpg', ''),
(60, '0608540', '7f43f5ddd074ab300c60130c416722e5', 'Ahmad Tanwir', 0, 'LAKI-LAKI', 'mail@ata.web.id', '08175736773', '2008-01-15 07:05:06', 'img/users/nobody.jpg', 'Hai....'),
(61, '0608542', 'ac43724f16e9241d990427ab7c8f4228', 'CITRA ANINDYA', 0, 'PEREMPUAN', '', '081802150403', '2007-12-30 11:11:06', 'img/users/nobody.jpg', ''),
(62, '0608548', 'ac43724f16e9241d990427ab7c8f4228', 'FICKI', 0, 'LAKI-LAKI', '', '', '2007-12-30 11:11:06', 'img/users/nobody.jpg', ''),
(63, '0608553', 'ac43724f16e9241d990427ab7c8f4228', 'MUHAMMAD ALFIANDI W.', 0, 'LAKI-LAKI', '', '', '2007-12-30 11:11:06', 'img/users/nobody.jpg', ''),
(64, '0608555', 'ac43724f16e9241d990427ab7c8f4228', 'AZHAR PRATAMA F.', 0, 'LAKI-LAKI', '', '085720302442', '2007-12-30 11:11:06', 'img/users/nobody.jpg', ''),
(65, '0608562', 'ac43724f16e9241d990427ab7c8f4228', 'ARDIKA PRASETYO', 0, 'LAKI-LAKI', '', '', '2007-12-30 11:11:06', 'img/users/nobody.jpg', ''),
(66, '0608576', 'ac43724f16e9241d990427ab7c8f4228', 'GEMA AMBUN SURI', 0, 'PEREMPUAN', '', '', '2007-12-30 11:11:06', 'img/users/nobody.jpg', ''),
(67, '0608680', 'ac43724f16e9241d990427ab7c8f4228', 'SUPRI YANTA SITEPU', 0, 'LAKI-LAKI', '', '', '2007-12-30 12:17:18', 'img/users/nobody.jpg', ''),
(68, '0608582', 'ac43724f16e9241d990427ab7c8f4228', 'GARRY S.W.', 0, 'LAKI-LAKI', '', '08562227941', '2007-12-30 12:17:18', 'img/users/nobody.jpg', ''),
(69, '0608585', 'ac43724f16e9241d990427ab7c8f4228', 'RAHMATIA AGISTIN R.', 0, 'PEREMPUAN', 'tia@mail.com', '085222777175', '2008-01-15 01:40:54', 'img/users/nobody.jpg', 'hm...'),
(70, '0608589', 'ac43724f16e9241d990427ab7c8f4228', 'HANNA FAUZIAH', 0, 'PEREMPUAN', '', '', '2007-12-30 13:21:51', 'img/users/nobody.jpg', ''),
(71, '0608595', 'ac43724f16e9241d990427ab7c8f4228', 'ARIE DWIYANA', 0, 'LAKI-LAKI', '', '', '2007-12-30 13:21:51', 'img/users/nobody.jpg', ''),
(72, '0608601', 'ac43724f16e9241d990427ab7c8f4228', 'RIZZA INDAH MEGA M.', 0, 'PEREMPUAN', 'ijonk@gmail.com', '081321115540', '2007-12-30 13:21:51', 'img/users/nobody.jpg', 'gsd'),
(73, '0608616', 'ac43724f16e9241d990427ab7c8f4228', 'REZDY ANUGRAH P.', 0, 'LAKI-LAKI', '', '', '2007-12-30 13:21:51', 'img/users/nobody.jpg', ''),
(74, '0608618', 'ac43724f16e9241d990427ab7c8f4228', 'ARI SULISTIYONO', 0, 'LAKI-LAKI', '', '081809206090', '2007-12-30 13:21:51', 'img/users/nobody.jpg', ''),
(75, '0608626', 'ac43724f16e9241d990427ab7c8f4228', 'FADHLI EKA PUTRA', 0, 'LAKI-LAKI', '', '', '2007-12-30 13:21:51', 'img/users/nobody.jpg', ''),
(76, '0608627', 'ac43724f16e9241d990427ab7c8f4228', 'ARI PURWANTO', 0, 'LAKI-LAKI', '', '', '2007-12-30 13:21:51', 'img/users/nobody.jpg', ''),
(77, '0608637', 'ac43724f16e9241d990427ab7c8f4228', 'ANNISA AMALIA H.', 0, 'PEREMPUAN', '', '', '2007-12-30 13:21:51', 'img/users/nobody.jpg', ''),
(78, '0608645', 'ac43724f16e9241d990427ab7c8f4228', 'RIZQI AHMAD F.', 0, 'LAKI-LAKI', '', '', '2007-12-30 13:21:51', 'img/users/nobody.jpg', ''),
(79, '0608648', 'ac43724f16e9241d990427ab7c8f4228', 'STEVIE PAUL WIJAYA R.', 0, 'LAKI-LAKI', '', '', '2007-12-30 13:21:51', 'img/users/nobody.jpg', ''),
(80, '0608667', 'ac43724f16e9241d990427ab7c8f4228', 'JEFFREY ONGGO', 0, 'LAKI-LAKI', '', '', '2007-12-30 13:29:18', 'img/users/nobody.jpg', ''),
(81, '0608675', 'ac43724f16e9241d990427ab7c8f4228', 'WIDY WIDYA MULYA', 0, 'LAKI-LAKI', '', '', '2007-12-30 13:29:18', 'img/users/nobody.jpg', ''),
(82, '0608681', 'ac43724f16e9241d990427ab7c8f4228', 'HUSNI FIRMANSYAH', 0, 'LAKI-LAKI', '', '', '2007-12-30 13:29:18', 'img/users/nobody.jpg', ''),
(83, '0608684', 'ac43724f16e9241d990427ab7c8f4228', 'YOLLA ELVIRA', 0, 'PEREMPUAN', '', '081394553155', '2007-12-30 13:29:18', 'img/users/nobody.jpg', ''),
(84, '0608686', 'ac43724f16e9241d990427ab7c8f4228', 'TAUFFAN ASLIN', 0, 'LAKI-LAKI', '', '', '2007-12-30 13:29:18', 'img/users/nobody.jpg', ''),
(85, '0608688', 'ac43724f16e9241d990427ab7c8f4228', 'ADITHYA HIDAYAT S.', 0, 'LAKI-LAKI', '', '', '2007-12-30 13:29:18', 'img/users/nobody.jpg', ''),
(86, '0608690', 'ac43724f16e9241d990427ab7c8f4228', 'IMAM MAHDI', 0, 'LAKI-LAKI', '', '', '2007-12-30 13:29:18', 'img/users/nobody.jpg', ''),
(87, '0608708', 'ac43724f16e9241d990427ab7c8f4228', 'HADE AGUSTIN', 0, 'LAKI-LAKI', '', '', '2007-12-30 13:29:18', 'img/users/nobody.jpg', ''),
(88, '0608711', 'ac43724f16e9241d990427ab7c8f4228', 'TAUFIK RAMADHAN', 0, 'LAKI-LAKI', '', '', '2007-12-30 13:29:18', 'img/users/nobody.jpg', ''),
(89, '0608722', 'ac43724f16e9241d990427ab7c8f4228', 'TAUFIK IKBAL S.', 0, 'LAKI-LAKI', '', '', '2007-12-30 13:29:18', 'img/users/nobody.jpg', ''),
(122, 'away', 'ac43724f16e9241d990427ab7c8f4228', 'DRS. ASEP WAHYUDIN', 1, 'LAKI-LAKI', 'away@upi.edu', '', '2008-01-02 18:23:58', 'img/users/nobody.jpg', ''),
(121, 'elly', 'ac43724f16e9241d990427ab7c8f4228', 'DRA. ELLY MALIHAH, M.SI.', 1, 'PEREMPUAN', 'elly@upi.edu', '', '2008-01-02 17:29:24', 'img/users/nobody.jpg', ''),
(120, 'munir', 'ac43724f16e9241d990427ab7c8f4228', 'DRS. MUNIR, MIT.', 1, 'LAKI-LAKI', 'munir@upi.edu', '', '2008-01-02 18:26:40', 'img/users/nobody.jpg', ''),
(119, 'eka', 'ac43724f16e9241d990427ab7c8f4228', 'DRS. EKA FITRAJAYA RAHMAN, MT.', 1, 'LAKI-LAKI', 'eka@upi.edu', '', '2008-01-02 17:29:24', 'img/users/nobody.jpg', ''),
(118, 'yudi', 'ac43724f16e9241d990427ab7c8f4228', 'YUDI WIBISONO, ST', 1, 'LAKI-LAKI', 'yudi@upi.edu', '', '2008-01-02 17:29:24', 'img/users/nobody.jpg', ''),
(117, 'wasla', 'ac43724f16e9241d990427ab7c8f4228', 'DRS. WASLALUDIN, M.SI.', 1, 'LAKI-LAKI', 'wasla@upi.edu', '', '2008-01-02 17:29:24', 'img/users/nobody.jpg', ''),
(116, 'khaerudin', 'ac43724f16e9241d990427ab7c8f4228', 'DRS. KHAERUDIN KURNIAWAN, M.PD.', 1, 'LAKI-LAKI', 'khaerudin@upi.edu', '', '2008-01-02 17:29:24', 'img/users/nobody.jpg', ''),
(115, 'udin', 'ac43724f16e9241d990427ab7c8f4228', 'DRS. UDIN SUPRIADI, M.PD.', 1, 'LAKI-LAKI', 'udin@upi.edu', '', '2008-01-02 17:29:24', 'img/users/nobody.jpg', ''),
(114, 'rasim', 'ac43724f16e9241d990427ab7c8f4228', 'RASIM, M.T.', 1, 'LAKI-LAKI', 'rhoro@upi.edu', '5451', '2008-01-15 11:08:47', 'img/users/nobody.jpg', 'Dasa'),
(113, 'salman', 'ac43724f16e9241d990427ab7c8f4228', 'MUHAMMAD NURSALMAN, M.T.', 1, 'LAKI-LAKI', 'salman@upi.edu', '', '2008-01-11 22:05:32', 'img/users/nobody.jpg', ''),
(112, 'heri', 'ac43724f16e9241d990427ab7c8f4228', 'DRS. HERI SUTARNO, MT.', 1, 'LAKI-LAKI', 'heri@upi.edu', '', '2008-01-02 17:29:24', 'img/users/nobody.jpg', ''),
(111, 'dedi', 'ac43724f16e9241d990427ab7c8f4228', 'DRS. DEDI ROHENDI, MT.', 1, 'LAKI-LAKI', 'dedi@upi.edu', '', '2008-01-02 17:29:24', 'img/users/nobody.jpg', ''),
(110, 'wawan', 'ac43724f16e9241d990427ab7c8f4228', 'DR. WAWAN SETIAWAN, M.KOM', 2, 'LAKI-LAKI', 'wawan@upi.edu', '', '2008-01-15 11:02:14', 'img/users/nobody.jpg', ''),
(123, 'hamidi', '733d7be2196ff70efaf6913fc8bdcabf', 'AHMAD HAMIDI, S.PD.', 1, 'LAKI-LAKI', 'hamidi@upi.edu', '081806005224', '2008-01-15 00:37:26', 'img/users/nobody.jpg', 'Hai'),
(124, 'sufyani', 'ac43724f16e9241d990427ab7c8f4228', 'DRS. SUFYANI PRABAWANTO, M.ED. ', 1, 'LAKI-LAKI', 'sufyani@upi.edu', '', '2008-01-02 17:29:24', 'img/users/nobody.jpg', ''),
(125, 'purwanto', 'ac43724f16e9241d990427ab7c8f4228', 'DRS. PURWANTO, MA', 1, 'LAKI-LAKI', 'purwanto@upi.edu', '', '2008-01-02 17:29:24', 'img/users/nobody.jpg', ''),
(126, 'rahmat', 'ac43724f16e9241d990427ab7c8f4228', 'DRS. RAHMAT SETIADI, M.SC.', 1, 'LAKI-LAKI', 'rahmat@upi.edu', '', '2008-01-02 17:29:24', 'img/users/nobody.jpg', ''),
(127, 'any', 'ac43724f16e9241d990427ab7c8f4228', 'ANY ARYANI, S.SI., M.SI.', 1, 'PEREMPUAN', 'any@upi.edu', '', '2008-01-02 17:29:24', 'img/users/nobody.jpg', ''),
(152, 'admin', 'ac43724f16e9241d990427ab7c8f4228', 'Administrator', 2, '', '', '', '2008-01-15 02:06:59', 'img/users/nobody.jpg', '');
